Date, Ticker, Open, High, Low, Close, Volume, Change, 50 Day MA, 100 Day MA, 200 Day MA,50 Day Support, 100 Day Support, 150 Day Support, 200 Day Support,50 Day Resistance, 100 Day Resistance, 150 Day Resistance, 200 Day Resistance,50 EMA, 100 EMA, 150 EMA, 200 EMA,50 AVG Gain, 100 AVG Gain, 150 AVG Gain, 200 AVG Gain,50 AVG Loss, 100 AVG Loss, 150 AVG Loss, 200 AVG Loss, RSI,
04/19/2022,COIN,153.54,154.00,146.82,147.29,4076400.00,-2.13,185.29,216.39,241.87,147.29,147.29,147.29,147.29,230.04,230.04,230.04,230.04,229.93,229.93,229.93,229.93,5.39,5.39,5.39,5.39,0.00,0.00,0.00,0.00,100.00
04/18/2022,COIN,149.03,156.16,147.80,154.79,3740500.00,-7.50,186.11,218.26,242.26,154.79,154.79,154.79,154.79,230.52,230.52,230.52,230.52,226.01,226.01,226.01,226.01,0.00,0.00,0.00,0.00,-3.92,-3.92,-3.92,-3.92,-0.00
04/17/2022,COIN,149.03,156.16,147.80,154.79,3740500.00,-7.50,186.11,218.26,242.16,154.79,154.79,154.79,154.79,223.15,223.15,223.15,223.15,222.47,222.47,222.47,222.47,0.00,0.00,0.00,0.00,-3.54,-3.54,-3.54,-3.54,-0.00
04/16/2022,COIN,149.03,156.16,147.80,154.79,3740500.00,-7.50,186.11,218.26,242.16,154.79,154.79,154.79,154.79,223.15,223.15,223.15,223.15,222.47,222.47,222.47,222.47,0.00,0.00,0.00,0.00,-3.54,-3.54,-3.54,-3.54,-0.00
04/15/2022,COIN,149.03,156.16,147.80,154.79,3740500.00,-7.50,186.11,218.26,242.16,154.79,154.79,154.79,154.79,223.15,223.15,223.15,223.15,222.47,222.47,222.47,222.47,0.00,0.00,0.00,0.00,-3.54,-3.54,-3.54,-3.54,-0.00
04/14/2022,COIN,158.07,162.44,149.41,149.85,4654400.00,4.94,186.99,219.96,242.49,149.85,149.85,149.85,149.85,224.99,224.99,224.99,224.99,222.60,222.60,222.60,222.60,0.13,0.13,0.13,0.13,0.00,0.00,0.00,0.00,99.99
04/13/2022,COIN,156.57,157.56,151.73,153.87,4305800.00,-4.02,187.81,221.95,242.88,153.87,153.87,153.87,153.87,232.69,232.69,232.69,232.69,229.29,229.29,229.29,229.29,6.69,6.69,6.69,6.69,0.00,0.00,0.00,0.00,100.00
04/12/2022,COIN,165.21,166.00,160.13,160.94,2938700.00,-7.07,188.29,223.85,243.25,160.94,160.94,160.94,160.94,233.23,233.23,233.23,233.23,230.66,230.66,230.66,230.66,1.37,1.37,1.37,1.37,0.00,0.00,0.00,0.00,100.00
04/11/2022,COIN,166.71,169.42,160.68,166.19,3093600.00,-5.25,188.48,225.71,243.58,166.19,166.19,166.19,166.19,234.68,234.68,234.68,234.68,228.05,228.05,228.05,228.05,0.00,0.00,0.00,0.00,-2.61,-2.61,-2.61,-2.61,-0.00
04/10/2022,COIN,166.71,169.42,160.68,166.19,3093600.00,-5.25,188.48,225.71,243.53,166.19,166.19,166.19,166.19,237.67,237.67,237.67,237.67,232.21,232.21,232.21,232.21,4.16,4.16,4.16,4.16,0.00,0.00,0.00,0.00,100.00
04/09/2022,COIN,166.71,169.42,160.68,166.19,3093600.00,-5.25,188.48,225.71,243.53,166.19,166.19,166.19,166.19,237.67,237.67,237.67,237.67,232.21,232.21,232.21,232.21,4.16,4.16,4.16,4.16,0.00,0.00,0.00,0.00,100.00
04/08/2022,COIN,172.83,174.33,165.01,166.84,4675300.00,-0.65,188.74,227.50,243.90,166.84,166.84,166.84,166.84,237.67,237.67,237.67,237.67,232.21,232.21,232.21,232.21,4.16,4.16,4.16,4.16,0.00,0.00,0.00,0.00,100.00
04/07/2022,COIN,189.76,191.33,176.26,177.17,5012800.00,-10.33,189.12,229.21,244.26,177.17,177.17,177.17,177.17,239.76,239.76,239.76,239.76,239.10,239.10,239.10,239.10,6.89,6.89,6.89,6.89,0.00,0.00,0.00,0.00,100.00
04/06/2022,COIN,187.34,193.07,186.16,191.65,2488800.00,-14.48,189.41,230.74,244.48,191.65,191.65,191.65,191.65,225.74,225.74,225.74,225.74,223.92,223.92,223.92,223.92,0.00,0.00,0.00,0.00,-15.18,-15.18,-15.18,-15.18,-0.00
04/05/2022,COIN,189.86,191.87,184.39,186.96,2968800.00,4.69,189.42,232.42,244.63,186.96,186.96,186.96,186.96,229.79,229.79,229.79,229.79,221.85,221.85,221.85,221.85,0.00,0.00,0.00,0.00,-2.07,-2.07,-2.07,-2.07,-0.00
04/04/2022,COIN,197.25,198.08,189.56,189.86,2999200.00,-2.90,190.13,234.10,244.81,189.86,189.86,189.86,189.86,229.79,229.79,229.79,229.79,224.32,224.32,224.32,224.32,2.47,2.47,2.47,2.47,0.00,0.00,0.00,0.00,100.00
04/03/2022,COIN,197.25,198.08,189.56,189.86,2999200.00,-2.90,190.13,234.10,244.70,189.86,189.86,189.86,189.86,229.33,229.33,229.33,229.33,220.66,220.66,220.66,220.66,0.00,0.00,0.00,0.00,-3.66,-3.66,-3.66,-3.66,-0.00
04/02/2022,COIN,197.25,198.08,189.56,189.86,2999200.00,-2.90,190.13,234.10,244.70,189.86,189.86,189.86,189.86,229.33,229.33,229.33,229.33,220.66,220.66,220.66,220.66,0.00,0.00,0.00,0.00,-3.66,-3.66,-3.66,-3.66,-0.00
04/01/2022,COIN,201.29,206.33,194.76,196.70,3775900.00,-6.84,190.73,235.59,244.96,196.70,196.70,196.70,196.70,229.33,229.33,229.33,229.33,220.66,220.66,220.66,220.66,0.00,0.00,0.00,0.00,-3.66,-3.66,-3.66,-3.66,-0.00
03/31/2022,COIN,198.95,206.79,194.05,204.53,4811500.00,-7.83,191.25,237.08,245.13,204.53,204.53,204.53,204.53,232.56,232.56,232.56,232.56,231.45,231.45,231.45,231.45,10.79,10.79,10.79,10.79,0.00,0.00,0.00,0.00,100.00
03/30/2022,COIN,193.31,203.27,193.01,201.41,6624000.00,3.12,191.77,238.49,245.25,201.41,201.41,201.41,201.41,233.36,233.36,233.36,233.36,228.79,228.79,228.79,228.79,0.00,0.00,0.00,0.00,-2.66,-2.66,-2.66,-2.66,-0.00
03/29/2022,COIN,192.00,195.70,182.80,186.71,3598300.00,14.70,192.31,239.86,245.41,186.71,186.71,186.71,186.71,241.50,241.50,241.50,241.50,233.66,233.66,233.66,233.66,4.87,4.87,4.87,4.87,0.00,0.00,0.00,0.00,100.00
03/28/2022,COIN,185.26,192.00,179.50,190.19,3536500.00,-3.48,193.29,241.31,245.67,190.19,190.19,190.19,190.19,243.90,243.90,243.90,243.90,240.48,240.48,240.48,240.48,6.82,6.82,6.82,6.82,0.00,0.00,0.00,0.00,100.00
03/27/2022,COIN,185.26,192.00,179.50,190.19,3536500.00,-3.48,193.29,241.31,245.67,190.19,190.19,190.19,190.19,243.90,243.90,243.90,243.90,240.48,240.48,240.48,240.48,6.82,6.82,6.82,6.82,0.00,0.00,0.00,0.00,100.00
03/26/2022,COIN,185.26,192.00,179.50,190.19,3536500.00,-3.48,193.29,241.31,245.67,190.19,190.19,190.19,190.19,243.90,243.90,243.90,243.90,240.48,240.48,240.48,240.48,6.82,6.82,6.82,6.82,0.00,0.00,0.00,0.00,100.00
03/25/2022,COIN,184.72,189.55,181.80,183.11,2311900.00,7.08,194.25,242.62,245.94,183.11,183.11,183.11,183.11,243.90,243.90,243.90,243.90,240.48,240.48,240.48,240.48,6.82,6.82,6.82,6.82,0.00,0.00,0.00,0.00,100.00
03/24/2022,COIN,180.50,188.81,178.50,186.08,4086100.00,-2.97,195.11,243.99,246.22,186.08,186.08,186.08,186.08,244.71,244.71,244.71,244.71,238.93,238.93,238.93,238.93,0.00,0.00,0.00,0.00,-1.55,-1.55,-1.55,-1.55,-0.00
03/23/2022,COIN,181.80,183.59,171.70,176.81,4214000.00,9.27,196.05,245.26,246.46,176.81,176.81,176.81,176.81,244.63,244.63,244.63,244.63,236.54,236.54,236.54,236.54,0.00,0.00,0.00,0.00,-2.39,-2.39,-2.39,-2.39,-0.00
03/22/2022,COIN,175.03,186.69,175.00,185.94,4835700.00,-9.13,197.22,246.70,246.81,185.94,185.94,185.94,185.94,247.24,247.24,247.24,247.24,247.09,247.09,247.09,247.09,10.55,10.55,10.55,10.55,0.00,0.00,0.00,0.00,100.00
03/21/2022,COIN,170.73,177.50,168.00,177.22,2975900.00,8.72,198.21,248.11,247.08,177.22,177.22,177.22,177.22,249.39,249.39,249.39,249.39,241.52,241.52,241.52,241.52,0.00,0.00,0.00,0.00,-5.57,-5.57,-5.57,-5.57,-0.00
03/20/2022,COIN,170.73,177.50,168.00,177.22,2975900.00,8.72,198.21,248.11,247.06,177.22,177.22,177.22,177.22,243.99,243.99,243.99,243.99,242.41,242.41,242.41,242.41,0.89,0.89,0.89,0.89,0.00,0.00,0.00,0.00,100.00
03/19/2022,COIN,170.73,177.50,168.00,177.22,2975900.00,8.72,198.21,248.11,247.06,177.22,177.22,177.22,177.22,243.99,243.99,243.99,243.99,242.41,242.41,242.41,242.41,0.89,0.89,0.89,0.89,0.00,0.00,0.00,0.00,100.00
03/18/2022,COIN,160.47,173.07,160.00,172.53,5974300.00,4.69,199.69,249.36,247.40,172.53,172.53,172.53,172.53,243.99,243.99,243.99,243.99,242.41,242.41,242.41,242.41,0.89,0.89,0.89,0.89,0.00,0.00,0.00,0.00,100.00
03/17/2022,COIN,152.90,156.42,150.12,155.98,4245400.00,16.55,201.30,250.65,247.66,155.98,155.98,155.98,155.98,231.00,231.00,231.00,231.00,225.30,225.30,225.30,225.30,0.00,0.00,0.00,0.00,-17.11,-17.11,-17.11,-17.11,-0.00
03/16/2022,COIN,159.99,161.70,150.42,153.19,4450000.00,2.79,203.26,252.25,247.99,153.19,153.19,153.19,153.19,238.97,238.97,238.97,238.97,224.35,224.35,224.35,224.35,0.00,0.00,0.00,0.00,-0.95,-0.95,-0.95,-0.95,-0.00
03/15/2022,COIN,175.35,175.75,160.00,160.07,3660500.00,-6.88,205.38,253.79,248.39,160.07,160.07,160.07,160.07,238.80,238.80,238.80,238.80,233.40,233.40,233.40,233.40,9.05,9.05,9.05,9.05,0.00,0.00,0.00,0.00,100.00
03/14/2022,COIN,173.14,174.49,168.10,172.97,2670600.00,-12.90,207.27,255.14,248.70,172.97,172.97,172.97,172.97,229.00,229.00,229.00,229.00,224.80,224.80,224.80,224.80,0.00,0.00,0.00,0.00,-8.60,-8.60,-8.60,-8.60,-0.00
03/13/2022,COIN,173.14,174.49,168.10,172.97,2670600.00,-12.90,207.27,255.14,248.66,172.97,172.97,172.97,172.97,252.17,252.17,252.17,252.17,239.00,239.00,239.00,239.00,14.20,14.20,14.20,14.20,0.00,0.00,0.00,0.00,100.00
03/12/2022,COIN,173.14,174.49,168.10,172.97,2670600.00,-12.90,207.27,255.14,248.66,172.97,172.97,172.97,172.97,252.17,252.17,252.17,252.17,239.00,239.00,239.00,239.00,14.20,14.20,14.20,14.20,0.00,0.00,0.00,0.00,100.00
03/11/2022,COIN,174.26,181.45,173.51,178.97,4945200.00,-6.00,209.07,256.23,249.03,178.97,178.97,178.97,178.97,252.17,252.17,252.17,252.17,239.00,239.00,239.00,239.00,14.20,14.20,14.20,14.20,0.00,0.00,0.00,0.00,100.00
03/10/2022,COIN,160.10,168.35,156.53,161.99,3840800.00,16.98,211.14,257.05,249.37,161.99,161.99,161.99,161.99,250.25,250.25,250.25,250.25,248.24,248.24,248.24,248.24,9.24,9.24,9.24,9.24,0.00,0.00,0.00,0.00,100.00
03/09/2022,COIN,168.25,172.98,160.23,161.14,4424000.00,0.85,213.30,257.90,249.84,161.14,161.14,161.14,161.14,280.64,280.64,280.64,280.64,258.37,258.37,258.37,258.37,10.13,10.13,10.13,10.13,0.00,0.00,0.00,0.00,100.00
03/08/2022,COIN,177.61,178.66,162.16,165.75,5848700.00,-4.61,215.21,258.79,250.35,165.75,165.75,165.75,165.75,285.00,285.00,285.00,285.00,265.10,265.10,265.10,265.10,6.73,6.73,6.73,6.73,0.00,0.00,0.00,0.00,100.00
03/07/2022,COIN,194.71,194.92,177.15,178.03,3734400.00,-12.28,216.88,259.71,250.93,178.03,178.03,178.03,178.03,306.98,306.98,306.98,306.98,283.61,283.61,283.61,283.61,18.51,18.51,18.51,18.51,0.00,0.00,0.00,0.00,100.00
03/06/2022,COIN,194.71,194.92,177.15,178.03,3734400.00,-12.28,216.88,259.71,251.18,178.03,178.03,178.03,178.03,303.32,303.32,303.32,303.32,303.00,303.00,303.00,303.00,19.39,19.39,19.39,19.39,0.00,0.00,0.00,0.00,100.00
03/05/2022,COIN,194.71,194.92,177.15,178.03,3734400.00,-12.28,216.88,259.71,251.18,178.03,178.03,178.03,178.03,303.32,303.32,303.32,303.32,303.00,303.00,303.00,303.00,19.39,19.39,19.39,19.39,0.00,0.00,0.00,0.00,100.00
03/04/2022,COIN,192.26,196.15,189.51,194.50,3414100.00,-16.47,218.11,260.42,251.54,194.50,194.50,194.50,194.50,303.32,303.32,303.32,303.32,303.00,303.00,303.00,303.00,19.39,19.39,19.39,19.39,0.00,0.00,0.00,0.00,100.00
03/03/2022,COIN,196.28,205.88,189.63,196.17,7779200.00,-1.67,219.10,260.99,252.03,196.17,196.17,196.17,196.17,297.50,297.50,297.50,297.50,293.45,293.45,293.45,293.45,0.00,0.00,0.00,0.00,-9.55,-9.55,-9.55,-9.55,-0.00
03/02/2022,COIN,172.50,192.23,172.09,190.77,8036300.00,5.40,220.14,261.54,252.36,190.77,190.77,190.77,190.77,267.07,267.07,267.07,267.07,263.70,263.70,263.70,263.70,0.00,0.00,0.00,0.00,-29.75,-29.75,-29.75,-29.75,-0.00
03/01/2022,COIN,180.24,182.09,170.40,176.83,6836800.00,13.94,221.52,262.04,252.68,176.83,176.83,176.83,176.83,272.14,272.14,272.14,272.14,256.76,256.76,256.76,256.76,0.00,0.00,0.00,0.00,-6.94,-6.94,-6.94,-6.94,-0.00
02/28/2022,COIN,159.08,183.00,155.92,179.56,8134000.00,-2.73,223.14,262.57,253.15,179.56,179.56,179.56,179.56,289.15,289.15,289.15,289.15,273.00,273.00,273.00,273.00,16.24,16.24,16.24,16.24,0.00,0.00,0.00,0.00,100.00
02/27/2022,COIN,159.08,183.00,155.92,179.56,8134000.00,-2.73,223.14,262.57,253.29,179.56,179.56,179.56,179.56,292.19,292.19,292.19,292.19,280.66,280.66,280.66,280.66,7.66,7.66,7.66,7.66,0.00,0.00,0.00,0.00,100.00
02/26/2022,COIN,159.08,183.00,155.92,179.56,8134000.00,-2.73,223.14,262.57,253.29,179.56,179.56,179.56,179.56,292.19,292.19,292.19,292.19,280.66,280.66,280.66,280.66,7.66,7.66,7.66,7.66,0.00,0.00,0.00,0.00,100.00
02/25/2022,COIN,180.69,183.34,171.77,172.74,3892500.00,6.82,224.60,263.09,253.65,172.74,172.74,172.74,172.74,292.19,292.19,292.19,292.19,280.66,280.66,280.66,280.66,7.66,7.66,7.66,7.66,0.00,0.00,0.00,0.00,100.00
02/24/2022,COIN,180.87,185.75,173.16,176.76,4472800.00,-4.02,226.30,263.64,254.24,176.76,176.76,176.76,176.76,305.03,305.03,305.03,305.03,294.21,294.21,294.21,294.21,13.55,13.55,13.55,13.55,0.00,0.00,0.00,0.00,100.00
02/23/2022,COIN,191.08,192.72,180.54,189.16,4502200.00,-12.40,228.07,264.13,254.84,189.16,189.16,189.16,189.16,302.74,302.74,302.74,302.74,297.64,297.64,297.64,297.64,3.43,3.43,3.43,3.43,0.00,0.00,0.00,0.00,100.00
02/22/2022,COIN,202.10,206.31,188.93,191.92,4740600.00,-2.76,230.08,264.55,255.35,191.92,191.92,191.92,191.92,300.00,300.00,300.00,300.00,294.77,294.77,294.77,294.77,0.00,0.00,0.00,0.00,-2.87,-2.87,-2.87,-2.87,-0.00
02/21/2022,COIN,202.10,206.31,188.93,191.92,4740600.00,-2.76,230.08,264.55,255.56,191.92,191.92,191.92,191.92,302.90,302.90,302.90,302.90,298.05,298.05,298.05,298.05,3.28,3.28,3.28,3.28,0.00,0.00,0.00,0.00,100.00
02/20/2022,COIN,202.10,206.31,188.93,191.92,4740600.00,-2.76,230.08,264.55,255.79,191.92,191.92,191.92,191.92,306.70,306.70,306.70,306.70,302.00,302.00,302.00,302.00,3.95,3.95,3.95,3.95,0.00,0.00,0.00,0.00,100.00
02/19/2022,COIN,202.10,206.31,188.93,191.92,4740600.00,-2.76,230.08,264.55,255.79,191.92,191.92,191.92,191.92,306.70,306.70,306.70,306.70,302.00,302.00,302.00,302.00,3.95,3.95,3.95,3.95,0.00,0.00,0.00,0.00,100.00
02/18/2022,COIN,205.38,214.02,203.83,207.96,3593600.00,-16.04,232.01,264.95,256.10,207.96,207.96,207.96,207.96,306.70,306.70,306.70,306.70,302.00,302.00,302.00,302.00,3.95,3.95,3.95,3.95,0.00,0.00,0.00,0.00,100.00
02/17/2022,COIN,202.31,209.31,201.18,208.95,3714300.00,-0.99,233.14,265.19,256.57,208.95,208.95,208.95,208.95,306.10,306.10,306.10,306.10,304.54,304.54,304.54,304.54,2.54,2.54,2.54,2.54,0.00,0.00,0.00,0.00,100.00
02/16/2022,COIN,193.48,203.56,193.46,195.25,4528100.00,13.70,234.29,265.48,256.97,195.25,195.25,195.25,195.25,303.00,303.00,303.00,303.00,291.60,291.60,291.60,291.60,0.00,0.00,0.00,0.00,-12.94,-12.94,-12.94,-12.94,-0.00
02/15/2022,COIN,205.80,205.98,191.02,194.53,5054200.00,0.72,236.12,265.95,257.45,194.53,194.53,194.53,194.53,313.50,313.50,313.50,313.50,293.45,293.45,293.45,293.45,1.85,1.85,1.85,1.85,0.00,0.00,0.00,0.00,100.00
02/14/2022,COIN,210.57,217.49,202.86,204.77,4587400.00,-10.24,238.16,266.40,258.02,204.77,204.77,204.77,204.77,327.47,327.47,327.47,327.47,311.92,311.92,311.92,311.92,18.47,18.47,18.47,18.47,0.00,0.00,0.00,0.00,100.00
02/13/2022,COIN,210.57,217.49,202.86,204.77,4587400.00,-10.24,238.16,266.40,258.33,204.77,204.77,204.77,204.77,334.83,334.83,334.83,334.83,320.82,320.82,320.82,320.82,8.90,8.90,8.90,8.90,0.00,0.00,0.00,0.00,100.00
02/12/2022,COIN,210.57,217.49,202.86,204.77,4587400.00,-10.24,238.16,266.40,258.33,204.77,204.77,204.77,204.77,334.83,334.83,334.83,334.83,320.82,320.82,320.82,320.82,8.90,8.90,8.90,8.90,0.00,0.00,0.00,0.00,100.00
02/11/2022,COIN,210.18,215.25,207.61,214.50,3811700.00,-9.73,240.41,266.72,258.59,214.50,214.50,214.50,214.50,334.83,334.83,334.83,334.83,320.82,320.82,320.82,320.82,8.90,8.90,8.90,8.90,0.00,0.00,0.00,0.00,100.00
02/10/2022,COIN,200.37,209.25,196.75,208.73,4639100.00,5.77,242.55,267.03,259.17,208.73,208.73,208.73,208.73,341.01,341.01,341.01,341.01,333.00,333.00,333.00,333.00,12.18,12.18,12.18,12.18,0.00,0.00,0.00,0.00,100.00
02/09/2022,COIN,198.70,211.11,198.20,205.74,6668300.00,2.99,244.48,267.38,259.82,205.74,205.74,205.74,205.74,345.99,345.99,345.99,345.99,342.00,342.00,342.00,342.00,9.00,9.00,9.00,9.00,0.00,0.00,0.00,0.00,100.00
02/08/2022,COIN,181.02,197.00,177.45,194.44,4397900.00,11.30,246.65,267.79,260.39,194.44,194.44,194.44,194.44,349.20,349.20,349.20,349.20,322.75,322.75,322.75,322.75,0.00,0.00,0.00,0.00,-19.25,-19.25,-19.25,-19.25,-0.00
02/07/2022,COIN,182.26,189.30,179.00,181.31,3417000.00,13.13,249.16,268.28,260.71,181.31,181.31,181.31,181.31,349.20,349.20,349.20,349.20,322.75,322.75,322.75,322.75,0.00,0.00,0.00,0.00,-19.25,-19.25,-19.25,-19.25,-0.00
02/06/2022,COIN,182.26,189.30,179.00,181.31,3417000.00,13.13,249.16,268.28,260.71,181.31,181.31,181.31,181.31,349.20,349.20,349.20,349.20,322.75,322.75,322.75,322.75,0.00,0.00,0.00,0.00,-19.25,-19.25,-19.25,-19.25,-0.00
02/05/2022,COIN,182.26,189.30,179.00,181.31,3417000.00,13.13,249.16,268.28,260.71,181.31,181.31,181.31,181.31,349.20,349.20,349.20,349.20,322.75,322.75,322.75,322.75,0.00,0.00,0.00,0.00,-19.25,-19.25,-19.25,-19.25,-0.00
02/04/2022,COIN,195.81,197.00,181.73,187.37,3861700.00,-6.06,251.90,268.90,261.10,187.37,187.37,187.37,187.37,349.20,349.20,349.20,349.20,322.75,322.75,322.75,322.75,0.00,0.00,0.00,0.00,-19.25,-19.25,-19.25,-19.25,-0.00
02/03/2022,COIN,197.97,201.45,188.62,197.73,5159000.00,-10.36,254.86,269.52,261.47,197.73,197.73,197.73,197.73,349.20,349.20,349.20,349.20,322.75,322.75,322.75,322.75,0.00,0.00,0.00,0.00,-19.25,-19.25,-19.25,-19.25,-0.00
02/02/2022,COIN,177.87,192.00,175.03,190.15,4060500.00,7.58,257.43,270.11,261.79,190.15,190.15,190.15,190.15,349.20,349.20,349.20,349.20,322.75,322.75,322.75,322.75,0.00,0.00,0.00,0.00,-19.25,-19.25,-19.25,-19.25,-0.00
02/01/2022,COIN,169.10,181.75,162.20,177.58,6475800.00,12.57,260.62,270.80,262.14,177.58,177.58,177.58,177.58,349.20,349.20,349.20,349.20,322.75,322.75,322.75,322.75,0.00,0.00,0.00,0.00,-19.25,-19.25,-19.25,-19.25,-0.00
01/31/2022,COIN,182.03,182.75,168.58,170.20,5551900.00,7.38,263.98,271.70,262.57,170.20,170.20,170.20,177.58,349.20,349.20,349.20,349.20,322.75,322.75,322.75,322.75,0.00,0.00,0.00,0.00,-19.25,-19.25,-19.25,-19.25,-0.00
01/30/2022,COIN,182.03,182.75,168.58,170.20,5551900.00,7.38,263.98,271.70,262.57,170.20,170.20,170.20,177.58,349.20,349.20,349.20,349.20,322.75,322.75,322.75,322.75,0.00,0.00,0.00,0.00,-19.25,-19.25,-19.25,-19.25,-0.00
01/29/2022,COIN,182.03,182.75,168.58,170.20,5551900.00,7.38,263.98,271.70,262.57,170.20,170.20,170.20,177.58,349.20,349.20,349.20,349.20,322.75,322.75,322.75,322.75,0.00,0.00,0.00,0.00,-19.25,-19.25,-19.25,-19.25,-0.00
01/28/2022,COIN,193.60,198.05,177.00,178.64,7566300.00,-8.44,267.55,272.80,263.04,178.64,178.64,178.64,177.58,349.20,349.20,349.20,349.20,322.75,322.75,322.75,322.75,0.00,0.00,0.00,0.00,-19.25,-19.25,-19.25,-19.25,-0.00
01/27/2022,COIN,185.17,193.12,177.15,185.63,6271300.00,-6.99,270.91,273.70,263.46,185.63,185.63,185.63,177.58,349.20,349.20,349.20,349.20,322.75,322.75,322.75,322.75,0.00,0.00,0.00,0.00,-19.25,-19.25,-19.25,-19.25,-0.00
01/26/2022,COIN,173.18,191.86,162.51,191.48,12978700.00,-5.85,273.98,274.51,263.86,191.48,191.48,191.48,177.58,349.20,349.20,349.20,349.20,322.75,322.75,322.75,322.75,0.00,0.00,0.00,0.00,-19.25,-19.25,-19.25,-19.25,-0.00
01/25/2022,COIN,209.98,210.19,186.86,191.97,13628300.00,-0.49,276.78,275.19,264.23,191.97,191.97,191.97,177.58,349.20,349.20,349.20,349.20,322.75,322.75,322.75,322.75,0.00,0.00,0.00,0.00,-19.25,-19.25,-19.25,-19.25,-0.00
01/24/2022,COIN,222.30,232.00,220.84,221.62,3691200.00,-29.65,280.16,275.91,264.60,221.62,221.62,221.62,177.58,349.20,349.20,349.20,349.20,322.75,322.75,322.75,322.75,0.00,0.00,0.00,0.00,-19.25,-19.25,-19.25,-19.25,-0.00
01/23/2022,COIN,222.30,232.00,220.84,221.62,3691200.00,-29.65,280.16,275.91,264.60,221.62,221.62,221.62,177.58,349.20,349.20,349.20,349.20,322.75,322.75,322.75,322.75,0.00,0.00,0.00,0.00,-19.25,-19.25,-19.25,-19.25,-0.00
01/22/2022,COIN,222.30,232.00,220.84,221.62,3691200.00,-29.65,280.16,275.91,264.60,221.62,221.62,221.62,177.58,349.20,349.20,349.20,349.20,322.75,322.75,322.75,322.75,0.00,0.00,0.00,0.00,-19.25,-19.25,-19.25,-19.25,-0.00
01/21/2022,COIN,224.25,227.17,218.82,219.50,2976700.00,2.12,282.86,276.29,264.83,219.50,219.50,219.50,177.58,349.20,349.20,349.20,349.20,322.75,322.75,322.75,322.75,0.00,0.00,0.00,0.00,-19.25,-19.25,-19.25,-19.25,-0.00
01/20/2022,COIN,226.82,227.19,219.60,222.00,3483000.00,-2.50,285.26,276.58,265.06,222.00,222.00,222.00,177.58,349.20,349.20,349.20,349.20,322.75,322.75,322.75,322.75,0.00,0.00,0.00,0.00,-19.25,-19.25,-19.25,-19.25,-0.00
01/19/2022,COIN,226.62,232.00,222.30,230.03,4325600.00,-8.03,287.76,276.93,265.29,230.03,230.03,230.03,177.58,349.20,349.20,349.20,349.20,322.75,322.75,322.75,322.75,0.00,0.00,0.00,0.00,-19.25,-19.25,-19.25,-19.25,-0.00
01/18/2022,COIN,241.99,242.87,227.19,228.23,3814100.00,1.80,290.09,277.23,265.47,228.23,228.23,228.23,177.58,349.20,349.20,349.20,349.20,322.75,322.75,322.75,322.75,0.00,0.00,0.00,0.00,-19.25,-19.25,-19.25,-19.25,-0.00
01/17/2022,COIN,241.99,242.87,227.19,228.23,3814100.00,1.80,290.09,277.23,265.47,228.23,228.23,228.23,177.58,349.20,349.20,349.20,349.20,322.75,322.75,322.75,322.75,0.00,0.00,0.00,0.00,-19.25,-19.25,-19.25,-19.25,-0.00
01/16/2022,COIN,241.99,242.87,227.19,228.23,3814100.00,1.80,290.09,277.23,265.47,228.23,228.23,228.23,177.58,349.20,349.20,349.20,349.20,322.75,322.75,322.75,322.75,0.00,0.00,0.00,0.00,-19.25,-19.25,-19.25,-19.25,-0.00
01/15/2022,COIN,241.99,242.87,227.19,228.23,3814100.00,1.80,290.09,277.23,265.47,228.23,228.23,228.23,177.58,349.20,349.20,349.20,349.20,322.75,322.75,322.75,322.75,0.00,0.00,0.00,0.00,-19.25,-19.25,-19.25,-19.25,-0.00
01/14/2022,COIN,242.11,246.27,234.42,234.70,3937000.00,-6.47,292.30,277.51,265.67,234.70,234.70,234.70,177.58,349.20,349.20,349.20,349.20,322.75,322.75,322.75,322.75,0.00,0.00,0.00,0.00,-19.25,-19.25,-19.25,-19.25,-0.00
01/13/2022,COIN,225.50,238.00,222.18,237.23,5585600.00,-2.53,294.26,277.73,265.84,237.23,237.23,237.23,177.58,349.20,349.20,349.20,349.20,322.75,322.75,322.75,322.75,0.00,0.00,0.00,0.00,-19.25,-19.25,-19.25,-19.25,-0.00
01/12/2022,COIN,224.43,225.26,214.64,225.01,6800800.00,12.22,295.94,277.85,265.99,225.01,225.01,225.01,177.58,349.20,349.20,349.20,349.20,322.75,322.75,322.75,322.75,0.00,0.00,0.00,0.00,-19.25,-19.25,-19.25,-19.25,-0.00
01/11/2022,COIN,233.63,238.48,227.59,232.33,3312000.00,-7.32,297.86,278.04,266.21,232.33,232.33,232.33,177.58,349.20,349.20,349.20,349.20,322.75,322.75,322.75,322.75,0.00,0.00,0.00,0.00,-19.25,-19.25,-19.25,-19.25,-0.00
01/10/2022,COIN,233.19,235.98,224.88,234.00,5236000.00,-1.67,299.48,278.23,266.39,234.00,234.00,234.00,177.58,349.20,349.20,349.20,349.20,322.75,322.75,322.75,322.75,0.00,0.00,0.00,0.00,-19.25,-19.25,-19.25,-19.25,-0.00
01/09/2022,COIN,233.19,235.98,224.88,234.00,5236000.00,-1.67,299.48,278.23,266.39,234.00,234.00,234.00,177.58,349.20,349.20,349.20,349.20,322.75,322.75,322.75,322.75,0.00,0.00,0.00,0.00,-19.25,-19.25,-19.25,-19.25,-0.00
01/08/2022,COIN,233.19,235.98,224.88,234.00,5236000.00,-1.67,299.48,278.23,266.39,234.00,234.00,234.00,177.58,349.20,349.20,349.20,349.20,322.75,322.75,322.75,322.75,0.00,0.00,0.00,0.00,-19.25,-19.25,-19.25,-19.25,-0.00
01/07/2022,COIN,247.72,248.69,232.86,234.23,5196300.00,-0.23,301.22,278.46,266.57,234.23,234.23,234.23,177.58,349.20,349.20,349.20,349.20,322.75,322.75,322.75,322.75,0.00,0.00,0.00,0.00,-19.25,-19.25,-19.25,-19.25,-0.00
01/06/2022,COIN,253.05,258.81,244.14,250.15,3652600.00,-15.92,303.09,278.73,266.75,250.15,250.15,250.15,177.58,349.20,349.20,349.20,349.20,322.75,322.75,322.75,322.75,0.00,0.00,0.00,0.00,-19.25,-19.25,-19.25,-19.25,-0.00
01/05/2022,COIN,256.27,261.63,250.64,251.05,3350900.00,-0.90,304.12,278.80,266.84,251.05,251.05,251.05,177.58,349.20,349.20,349.20,349.20,322.75,322.75,322.75,322.75,0.00,0.00,0.00,0.00,-19.25,-19.25,-19.25,-19.25,-0.00
01/04/2022,COIN,255.81,259.21,251.52,252.37,2360300.00,-1.32,305.12,279.07,266.92,252.37,252.37,252.37,177.58,349.20,349.20,349.20,349.20,322.75,322.75,322.75,322.75,0.00,0.00,0.00,0.00,-19.25,-19.25,-19.25,-19.25,-0.00
01/03/2022,COIN,252.60,260.00,252.04,256.79,2887600.00,-4.42,306.39,279.25,267.00,256.79,256.79,256.79,177.58,349.20,349.20,349.20,349.20,322.75,322.75,322.75,322.75,0.00,0.00,0.00,0.00,-19.25,-19.25,-19.25,-19.25,-0.00
01/02/2022,COIN,252.60,260.00,252.04,256.79,2887600.00,-4.42,306.39,279.25,267.00,256.79,256.79,256.79,177.58,349.20,349.20,349.20,349.20,322.75,322.75,322.75,322.75,0.00,0.00,0.00,0.00,-19.25,-19.25,-19.25,-19.25,-0.00
01/01/2022,COIN,252.60,260.00,252.04,256.79,2887600.00,-4.42,306.39,279.25,267.00,256.79,256.79,256.79,177.58,349.20,349.20,349.20,349.20,322.75,322.75,322.75,322.75,0.00,0.00,0.00,0.00,-19.25,-19.25,-19.25,-19.25,-0.00
12/31/2021,COIN,256.67,263.01,251.37,252.60,3474300.00,4.19,307.39,279.49,267.06,252.60,252.60,252.60,177.58,349.20,349.20,349.20,349.20,322.75,322.75,322.75,322.75,0.00,0.00,0.00,0.00,-19.25,-19.25,-19.25,-19.25,-0.00
12/30/2021,COIN,270.00,270.98,259.69,261.33,4372800.00,-8.73,308.22,279.54,267.14,261.33,261.33,261.33,177.58,349.20,349.20,349.20,349.20,322.75,322.75,322.75,322.75,0.00,0.00,0.00,0.00,-19.25,-19.25,-19.25,-19.25,-0.00
12/29/2021,COIN,270.26,281.99,270.20,280.27,4448900.00,-18.94,308.61,279.48,267.18,280.27,280.27,280.27,177.58,349.20,349.20,349.20,349.20,322.75,322.75,322.75,322.75,0.00,0.00,0.00,0.00,-19.25,-19.25,-19.25,-19.25,-0.00
12/28/2021,COIN,256.56,269.31,253.50,268.15,4106100.00,12.12,308.20,279.12,267.10,268.15,268.15,268.15,177.58,349.20,349.20,349.20,349.20,322.75,322.75,322.75,322.75,0.00,0.00,0.00,0.00,-19.25,-19.25,-19.25,-19.25,-0.00
12/27/2021,COIN,248.51,254.79,245.64,254.55,3779100.00,13.60,307.76,278.74,267.10,254.55,254.55,254.55,177.58,349.20,349.20,349.20,349.20,322.75,322.75,322.75,322.75,0.00,0.00,0.00,0.00,-19.25,-19.25,-19.25,-19.25,-0.00
12/26/2021,COIN,248.51,254.79,245.64,254.55,3779100.00,13.60,307.76,278.74,267.10,254.55,254.55,254.55,177.58,349.20,349.20,349.20,349.20,322.75,322.75,322.75,322.75,0.00,0.00,0.00,0.00,-19.25,-19.25,-19.25,-19.25,-0.00
12/25/2021,COIN,248.51,254.79,245.64,254.55,3779100.00,13.60,307.76,278.74,267.10,254.55,254.55,254.55,177.58,349.20,349.20,349.20,349.20,322.75,322.75,322.75,322.75,0.00,0.00,0.00,0.00,-19.25,-19.25,-19.25,-19.25,-0.00
12/24/2021,COIN,248.51,254.79,245.64,254.55,3779100.00,13.60,307.76,278.74,267.10,254.55,254.55,254.55,177.58,349.20,349.20,349.20,349.20,322.75,322.75,322.75,322.75,0.00,0.00,0.00,0.00,-19.25,-19.25,-19.25,-19.25,-0.00
12/23/2021,COIN,244.15,248.12,239.59,247.69,2776500.00,6.86,307.66,278.54,267.17,247.69,247.69,247.69,177.58,349.20,349.20,349.20,349.20,322.75,322.75,322.75,322.75,0.00,0.00,0.00,0.00,-19.25,-19.25,-19.25,-19.25,-0.00
12/22/2021,COIN,236.56,239.37,231.77,238.05,3572200.00,9.64,307.84,278.43,267.28,238.05,238.05,238.05,177.58,349.20,349.20,349.20,349.20,322.75,322.75,322.75,322.75,0.00,0.00,0.00,0.00,-19.25,-19.25,-19.25,-19.25,-0.00
12/21/2021,COIN,240.00,250.48,236.00,243.35,4420300.00,-5.30,308.04,278.41,267.45,243.35,243.35,243.35,177.58,349.20,349.20,349.20,349.20,322.75,322.75,322.75,322.75,0.00,0.00,0.00,0.00,-19.25,-19.25,-19.25,-19.25,-0.00
12/20/2021,COIN,264.46,268.26,244.63,247.17,3346600.00,-3.82,308.21,278.39,267.59,247.17,247.17,247.17,177.58,349.20,349.20,349.20,349.20,322.75,322.75,322.75,322.75,0.00,0.00,0.00,0.00,-19.25,-19.25,-19.25,-19.25,-0.00
12/19/2021,COIN,264.46,268.26,244.63,247.17,3346600.00,-3.82,308.21,278.39,267.59,247.17,247.17,247.17,177.58,349.20,349.20,349.20,349.20,322.75,322.75,322.75,322.75,0.00,0.00,0.00,0.00,-19.25,-19.25,-19.25,-19.25,-0.00
12/18/2021,COIN,264.46,268.26,244.63,247.17,3346600.00,-3.82,308.21,278.39,267.59,247.17,247.17,247.17,177.58,349.20,349.20,349.20,349.20,322.75,322.75,322.75,322.75,0.00,0.00,0.00,0.00,-19.25,-19.25,-19.25,-19.25,-0.00
12/17/2021,COIN,254.49,261.17,242.26,258.30,4623500.00,-11.13,308.28,278.27,267.71,258.30,258.30,258.30,177.58,349.20,349.20,349.20,349.20,322.75,322.75,322.75,322.75,0.00,0.00,0.00,0.00,-19.25,-19.25,-19.25,-19.25,-0.00
12/16/2021,COIN,247.28,260.50,243.50,255.86,3866600.00,2.44,307.91,278.14,267.77,255.86,255.86,255.86,177.58,349.20,349.20,349.20,349.20,322.75,322.75,322.75,322.75,0.00,0.00,0.00,0.00,-19.25,-19.25,-19.25,-19.25,-0.00
12/15/2021,COIN,252.14,256.50,244.80,251.37,3410400.00,4.49,307.36,277.83,267.84,251.37,251.37,251.37,177.58,349.20,349.20,349.20,349.20,322.75,322.75,322.75,322.75,0.00,0.00,0.00,0.00,-19.25,-19.25,-19.25,-19.25,-0.00
12/14/2021,COIN,266.30,269.19,250.15,255.76,5062100.00,-4.39,306.95,277.57,267.94,255.76,255.76,255.76,177.58,349.20,349.20,349.20,349.20,322.75,322.75,322.75,322.75,0.00,0.00,0.00,0.00,-19.25,-19.25,-19.25,-19.25,-0.00
12/13/2021,COIN,284.97,284.99,258.92,263.91,5394600.00,-8.15,306.37,277.32,268.01,263.91,263.91,263.91,177.58,349.20,349.20,349.20,349.20,322.75,322.75,322.75,322.75,0.00,0.00,0.00,0.00,-19.25,-19.25,-19.25,-19.25,-0.00
12/12/2021,COIN,284.97,284.99,258.92,263.91,5394600.00,-8.15,306.37,277.32,268.01,263.91,263.91,263.91,177.58,349.20,349.20,349.20,349.20,322.75,322.75,322.75,322.75,0.00,0.00,0.00,0.00,-19.25,-19.25,-19.25,-19.25,-0.00
12/11/2021,COIN,284.97,284.99,258.92,263.91,5394600.00,-8.15,306.37,277.32,268.01,263.91,263.91,263.91,177.58,349.20,349.20,349.20,349.20,322.75,322.75,322.75,322.75,0.00,0.00,0.00,0.00,-19.25,-19.25,-19.25,-19.25,-0.00
12/10/2021,COIN,284.44,290.00,278.29,287.48,2495900.00,-23.57,305.59,276.93,268.03,287.48,287.48,287.48,177.58,349.20,349.20,349.20,349.20,322.75,322.75,322.75,322.75,0.00,0.00,0.00,0.00,-19.25,-19.25,-19.25,-19.25,-0.00
12/09/2021,COIN,277.65,290.19,274.91,286.42,4648200.00,1.06,304.41,276.25,267.92,286.42,286.42,286.42,177.58,349.20,349.20,349.20,349.20,322.75,322.75,322.75,322.75,0.00,0.00,0.00,0.00,-19.25,-19.25,-19.25,-19.25,-0.00
12/08/2021,COIN,253.13,267.23,244.46,263.24,5366400.00,23.18,303.30,275.63,267.80,263.24,263.24,263.24,177.58,349.20,349.20,349.20,349.20,322.75,322.75,322.75,322.75,0.00,0.00,0.00,0.00,-19.25,-19.25,-19.25,-19.25,-0.00
12/07/2021,COIN,286.00,286.00,258.16,265.65,7271100.00,-2.41,302.66,275.24,267.83,265.65,265.65,265.65,177.58,349.20,349.20,349.20,349.20,322.75,322.75,322.75,322.75,0.00,0.00,0.00,0.00,-19.25,-19.25,-19.25,-19.25,-0.00
12/06/2021,COIN,295.16,305.32,283.82,284.71,4625100.00,-19.06,302.09,274.88,267.84,284.71,284.71,284.71,177.58,349.20,349.20,349.20,349.20,322.75,322.75,322.75,322.75,0.00,0.00,0.00,0.00,-19.25,-19.25,-19.25,-19.25,-0.00
12/05/2021,COIN,295.16,305.32,283.82,284.71,4625100.00,-19.06,302.09,274.88,267.84,284.71,284.71,284.71,177.58,349.20,349.20,349.20,349.20,322.75,322.75,322.75,322.75,0.00,0.00,0.00,0.00,-19.25,-19.25,-19.25,-19.25,-0.00
12/04/2021,COIN,295.16,305.32,283.82,284.71,4625100.00,-19.06,302.09,274.88,267.84,284.71,284.71,284.71,177.58,349.20,349.20,349.20,349.20,322.75,322.75,322.75,322.75,0.00,0.00,0.00,0.00,-19.25,-19.25,-19.25,-19.25,-0.00
12/03/2021,COIN,318.60,323.00,293.70,294.50,4267500.00,-9.79,301.21,274.46,267.74,294.50,294.50,294.50,177.58,349.20,349.20,349.20,349.20,322.75,322.75,322.75,322.75,0.00,0.00,0.00,0.00,-19.25,-19.25,-19.25,-19.25,-0.00
12/02/2021,COIN,320.75,331.70,310.98,315.00,7168400.00,-20.50,300.07,273.99,267.57,315.00,315.00,315.00,177.58,349.20,349.20,349.20,349.20,322.75,322.75,322.75,322.75,0.00,0.00,0.00,0.00,-19.25,-19.25,-19.25,-19.25,-0.00
12/01/2021,COIN,312.22,321.58,306.75,319.39,4159700.00,-4.39,298.47,273.37,267.27,317.27,317.27,317.27,177.58,349.20,349.20,349.20,349.20,322.75,322.75,322.75,322.75,0.00,0.00,0.00,0.00,-19.25,-19.25,-19.25,-19.25,-0.00
11/30/2021,COIN,301.30,307.92,299.15,303.19,2678700.00,16.20,296.95,272.61,266.94,303.19,303.19,303.19,177.58,349.20,349.20,349.20,349.20,322.75,322.75,322.75,322.75,0.00,0.00,0.00,0.00,-19.25,-19.25,-19.25,-19.25,-0.00
11/29/2021,COIN,309.38,316.32,305.88,312.38,2759800.00,-9.19,295.73,272.10,266.71,312.38,312.38,312.38,177.58,349.20,349.20,349.20,349.20,322.75,322.75,322.75,322.75,0.00,0.00,0.00,0.00,-19.25,-19.25,-19.25,-19.25,-0.00
11/28/2021,COIN,309.38,316.32,305.88,312.38,2759800.00,-9.19,295.73,272.10,266.71,312.38,312.38,312.38,177.58,349.20,349.20,349.20,349.20,322.75,322.75,322.75,322.75,0.00,0.00,0.00,0.00,-19.25,-19.25,-19.25,-19.25,-0.00
11/27/2021,COIN,309.38,316.32,305.88,312.38,2759800.00,-9.19,295.73,272.10,266.71,312.38,312.38,312.38,177.58,349.20,349.20,349.20,349.20,322.75,322.75,322.75,322.75,0.00,0.00,0.00,0.00,-19.25,-19.25,-19.25,-19.25,-0.00
11/26/2021,COIN,312.50,319.70,304.60,317.20,3465000.00,-4.82,294.40,271.32,266.41,317.20,317.20,317.20,177.58,349.20,349.20,349.20,349.20,322.75,322.75,322.75,322.75,0.00,0.00,0.00,0.00,-19.25,-19.25,-19.25,-19.25,-0.00
11/25/2021,COIN,312.50,319.70,304.60,317.20,3465000.00,-4.82,294.40,271.32,266.41,317.20,317.20,317.20,177.58,349.20,349.20,349.20,349.20,322.75,322.75,322.75,322.75,0.00,0.00,0.00,0.00,-19.25,-19.25,-19.25,-19.25,-0.00
11/24/2021,COIN,333.33,335.90,310.67,315.48,5013600.00,1.72,292.88,270.55,266.08,315.48,315.48,315.48,177.58,349.20,349.20,349.20,349.20,322.75,322.75,322.75,322.75,0.00,0.00,0.00,0.00,-19.25,-19.25,-19.25,-19.25,-0.00
11/23/2021,COIN,325.56,339.41,325.40,332.55,3680400.00,-17.07,291.40,269.80,265.76,317.27,317.27,317.27,177.58,349.20,349.20,349.20,349.20,322.75,322.75,322.75,322.75,0.00,0.00,0.00,0.00,-19.25,-19.25,-19.25,-19.25,-0.00
11/22/2021,COIN,343.00,344.84,323.41,323.57,5408800.00,8.98,289.68,269.00,265.32,317.27,317.27,317.27,177.58,349.20,349.20,349.20,349.20,322.75,322.75,322.75,322.75,0.00,0.00,0.00,0.00,-19.25,-19.25,-19.25,-19.25,-0.00
11/21/2021,COIN,343.00,344.84,323.41,323.57,5408800.00,8.98,289.68,269.00,265.32,317.27,317.27,317.27,177.58,349.20,349.20,349.20,349.20,322.75,322.75,322.75,322.75,0.00,0.00,0.00,0.00,-19.25,-19.25,-19.25,-19.25,-0.00
11/20/2021,COIN,343.00,344.84,323.41,323.57,5408800.00,8.98,289.68,269.00,265.32,317.27,317.27,317.27,177.58,349.20,349.20,349.20,349.20,322.75,322.75,322.75,322.75,0.00,0.00,0.00,0.00,-19.25,-19.25,-19.25,-19.25,-0.00
11/19/2021,COIN,342.03,348.49,338.18,346.52,3772100.00,-22.95,288.31,268.31,264.93,317.27,317.27,317.27,177.58,349.20,349.20,349.20,349.20,322.75,322.75,322.75,322.75,0.00,0.00,0.00,0.00,-19.25,-19.25,-19.25,-19.25,-0.00
11/18/2021,COIN,333.14,347.40,331.58,342.12,4128100.00,4.40,286.51,267.30,264.39,317.27,317.27,317.27,177.58,349.20,349.20,349.20,349.20,322.75,322.75,322.75,322.75,0.00,0.00,0.00,0.00,-19.25,-19.25,-19.25,-19.25,-0.00
11/17/2021,COIN,345.10,355.20,339.03,345.36,4465700.00,-3.24,284.97,266.11,263.87,317.27,317.27,317.27,177.58,349.20,349.20,349.20,349.20,322.75,322.75,322.75,322.75,0.00,0.00,0.00,0.00,-19.25,-19.25,-19.25,-19.25,-0.00
11/16/2021,COIN,339.25,344.00,332.56,342.98,4469900.00,2.38,283.61,264.94,263.32,317.27,317.27,317.27,177.58,349.20,349.20,349.20,349.20,322.75,322.75,322.75,322.75,0.00,0.00,0.00,0.00,-19.25,-19.25,-19.25,-19.25,-0.00
11/15/2021,COIN,327.43,342.49,327.00,336.39,4905800.00,6.59,282.08,263.76,262.77,317.27,317.27,317.27,177.58,349.20,349.20,349.20,349.20,322.75,322.75,322.75,322.75,0.00,0.00,0.00,0.00,-19.25,-19.25,-19.25,-19.25,-0.00
11/14/2021,COIN,327.43,342.49,327.00,336.39,4905800.00,6.59,282.08,263.76,262.77,317.27,317.27,317.27,177.58,349.20,349.20,349.20,349.20,322.75,322.75,322.75,322.75,0.00,0.00,0.00,0.00,-19.25,-19.25,-19.25,-19.25,-0.00
11/13/2021,COIN,327.43,342.49,327.00,336.39,4905800.00,6.59,282.08,263.76,262.77,317.27,317.27,317.27,177.58,349.20,349.20,349.20,349.20,322.75,322.75,322.75,322.75,0.00,0.00,0.00,0.00,-19.25,-19.25,-19.25,-19.25,-0.00
11/12/2021,COIN,327.22,348.98,320.00,328.60,15168900.00,7.79,280.64,262.61,262.27,317.27,317.27,317.27,177.58,349.20,349.20,349.20,349.20,322.75,322.75,322.75,322.75,0.00,0.00,0.00,0.00,-19.25,-19.25,-19.25,-19.25,-0.00
11/11/2021,COIN,367.39,368.90,345.06,357.39,10153700.00,-28.79,279.22,261.54,261.81,317.27,317.27,317.27,177.58,357.39,357.39,349.20,349.20,322.75,322.75,322.75,322.75,0.00,0.00,0.00,0.00,-19.25,-19.25,-19.25,-19.25,-0.00
11/10/2021,COIN,349.50,363.17,345.56,353.92,8531100.00,3.47,277.29,260.25,261.15,317.27,317.27,317.27,177.58,353.92,353.92,349.20,349.20,322.75,322.75,322.75,322.75,0.00,0.00,0.00,0.00,-19.25,-19.25,-19.25,-19.25,-0.00
11/09/2021,COIN,345.23,345.23,333.44,337.05,3527600.00,16.87,275.35,259.00,260.50,317.27,317.27,317.27,177.58,349.20,349.20,349.20,349.20,322.75,322.75,322.75,322.75,0.00,0.00,0.00,0.00,-19.25,-19.25,-19.25,-19.25,-0.00
11/08/2021,COIN,340.74,345.85,333.88,344.45,5893700.00,-7.40,273.55,257.90,259.96,317.27,317.27,317.27,177.58,349.20,349.20,349.20,349.20,322.75,322.75,322.75,322.75,0.00,0.00,0.00,0.00,-19.25,-19.25,-19.25,-19.25,-0.00
11/07/2021,COIN,340.74,345.85,333.88,344.45,5893700.00,-7.40,273.55,257.90,259.96,317.27,317.27,317.27,177.58,349.20,349.20,349.20,349.20,322.75,322.75,322.75,322.75,0.00,0.00,0.00,0.00,-19.25,-19.25,-19.25,-19.25,-0.00
11/06/2021,COIN,340.74,345.85,333.88,344.45,5893700.00,-7.40,273.55,257.90,259.96,317.27,317.27,317.27,177.58,349.20,349.20,349.20,349.20,322.75,322.75,322.75,322.75,0.00,0.00,0.00,0.00,-19.25,-19.25,-19.25,-19.25,-0.00
11/05/2021,COIN,335.26,344.47,328.31,344.38,4809800.00,0.07,271.76,256.77,259.36,317.27,317.27,317.27,177.58,349.20,349.20,349.20,349.20,322.75,322.75,322.75,322.75,0.00,0.00,0.00,0.00,-19.25,-19.25,-19.25,-19.25,-0.00
11/04/2021,COIN,336.33,345.25,332.14,336.34,6104700.00,8.04,270.02,255.70,258.76,317.27,317.27,317.27,177.58,349.20,349.20,349.20,349.20,322.75,322.75,322.75,322.75,0.00,0.00,0.00,0.00,-19.25,-19.25,-19.25,-19.25,-0.00
11/03/2021,COIN,324.77,338.43,323.90,330.99,6255900.00,5.35,268.38,254.57,258.20,317.27,317.27,317.27,177.58,349.20,349.20,349.20,349.20,322.75,322.75,322.75,322.75,0.00,0.00,0.00,0.00,-19.25,-19.25,-19.25,-19.25,-0.00
11/02/2021,COIN,319.32,326.50,316.14,319.42,3766400.00,11.57,266.88,253.47,257.67,317.27,317.27,317.27,177.58,349.20,349.20,349.20,349.20,322.75,322.75,322.75,322.75,0.00,0.00,0.00,0.00,-19.25,-19.25,-19.25,-19.25,-0.00
11/01/2021,COIN,319.81,327.72,311.00,319.13,5952300.00,0.29,265.42,252.50,257.22,317.27,317.27,317.27,177.58,349.20,349.20,349.20,349.20,322.75,322.75,322.75,322.75,0.00,0.00,0.00,0.00,-19.25,-19.25,-19.25,-19.25,-0.00
10/31/2021,COIN,319.81,327.72,311.00,319.13,5952300.00,0.29,265.42,252.50,257.22,317.27,317.27,317.27,177.58,349.20,349.20,349.20,349.20,322.75,322.75,322.75,322.75,0.00,0.00,0.00,0.00,-19.25,-19.25,-19.25,-19.25,-0.00
10/30/2021,COIN,319.81,327.72,311.00,319.13,5952300.00,0.29,265.42,252.50,257.22,317.27,317.27,317.27,177.58,349.20,349.20,349.20,349.20,322.75,322.75,322.75,322.75,0.00,0.00,0.00,0.00,-19.25,-19.25,-19.25,-19.25,-0.00
10/29/2021,COIN,309.33,320.28,306.50,311.67,5253300.00,7.46,263.90,251.51,256.76,311.67,311.67,317.27,177.58,349.20,349.20,349.20,349.20,322.75,322.75,322.75,322.75,0.00,0.00,0.00,0.00,-19.25,-19.25,-19.25,-19.25,-0.00
10/28/2021,COIN,328.15,328.48,315.51,319.49,7635800.00,-7.82,262.66,250.70,256.36,317.27,317.27,317.27,177.58,349.20,349.20,349.20,349.20,322.75,322.75,322.75,322.75,0.00,0.00,0.00,0.00,-19.25,-19.25,-19.25,-19.25,-0.00
10/27/2021,COIN,306.76,327.00,305.11,325.54,8444900.00,-6.05,261.38,249.78,255.89,317.27,317.27,317.27,177.58,349.20,349.20,349.20,349.20,322.75,322.75,322.75,322.75,0.00,0.00,0.00,0.00,-19.25,-19.25,-19.25,-19.25,-0.00
10/26/2021,COIN,302.00,306.00,293.62,300.84,5437300.00,24.70,260.07,248.86,255.36,300.84,300.84,317.27,177.58,349.20,349.20,349.20,349.20,322.75,322.75,322.75,322.75,0.00,0.00,0.00,0.00,-19.25,-19.25,-19.25,-19.25,-0.00
10/25/2021,COIN,311.96,317.18,298.00,300.01,8289200.00,0.83,259.16,248.25,255.02,300.01,300.01,317.27,177.58,349.20,349.20,349.20,349.20,322.75,322.75,322.75,322.75,0.00,0.00,0.00,0.00,-19.25,-19.25,-19.25,-19.25,-0.00
10/24/2021,COIN,311.96,317.18,298.00,300.01,8289200.00,0.83,259.16,248.25,255.02,300.01,300.01,317.27,177.58,349.20,349.20,349.20,349.20,322.75,322.75,322.75,322.75,0.00,0.00,0.00,0.00,-19.25,-19.25,-19.25,-19.25,-0.00
10/23/2021,COIN,311.96,317.18,298.00,300.01,8289200.00,0.83,259.16,248.25,255.02,300.01,300.01,317.27,177.58,349.20,349.20,349.20,349.20,322.75,322.75,322.75,322.75,0.00,0.00,0.00,0.00,-19.25,-19.25,-19.25,-19.25,-0.00
10/22/2021,COIN,306.66,317.37,303.96,314.71,10315300.00,-14.70,258.72,247.63,254.67,314.71,314.71,317.27,177.58,349.20,349.20,349.20,349.20,322.75,322.75,322.75,322.75,0.00,0.00,0.00,0.00,-19.25,-19.25,-19.25,-19.25,-0.00
10/21/2021,COIN,300.00,307.85,294.11,305.63,14785700.00,9.08,257.80,246.84,254.21,305.63,305.63,317.27,177.58,349.20,349.20,349.20,349.20,322.75,322.75,322.75,322.75,0.00,0.00,0.00,0.00,-19.25,-19.25,-19.25,-19.25,-0.00
10/20/2021,COIN,275.74,296.98,271.50,293.34,11789600.00,12.29,257.29,246.25,253.81,293.34,293.34,317.27,177.58,349.20,349.20,349.20,349.20,322.75,322.75,322.75,322.75,0.00,0.00,0.00,0.00,-19.25,-19.25,-19.25,-19.25,-0.00
10/19/2021,COIN,266.60,281.72,266.53,280.61,9517500.00,12.73,256.57,245.72,253.50,280.61,280.61,317.27,177.58,349.20,349.20,349.20,349.20,322.75,322.75,322.75,322.75,0.00,0.00,0.00,0.00,-19.25,-19.25,-19.25,-19.25,-0.00
10/18/2021,COIN,250.90,262.95,249.10,260.00,6299100.00,20.61,256.06,245.34,253.29,260.00,260.00,317.27,177.58,349.20,349.20,349.20,349.20,322.75,322.75,322.75,322.75,0.00,0.00,0.00,0.00,-19.25,-19.25,-19.25,-19.25,-0.00
10/17/2021,COIN,250.90,262.95,249.10,260.00,6299100.00,20.61,256.06,245.34,253.29,260.00,260.00,317.27,177.58,349.20,349.20,349.20,349.20,322.75,322.75,322.75,322.75,0.00,0.00,0.00,0.00,-19.25,-19.25,-19.25,-19.25,-0.00
10/16/2021,COIN,250.90,262.95,249.10,260.00,6299100.00,20.61,256.06,245.34,253.29,260.00,260.00,317.27,177.58,349.20,349.20,349.20,349.20,322.75,322.75,322.75,322.75,0.00,0.00,0.00,0.00,-19.25,-19.25,-19.25,-19.25,-0.00
10/15/2021,COIN,246.50,249.73,244.56,246.78,2878000.00,13.22,255.74,244.99,253.24,246.78,246.78,317.27,177.58,349.20,349.20,349.20,349.20,322.75,322.75,322.75,322.75,0.00,0.00,0.00,0.00,-19.25,-19.25,-19.25,-19.25,-0.00
10/14/2021,COIN,254.26,256.37,246.08,249.33,3971900.00,-2.55,255.40,244.76,253.29,249.33,249.33,317.27,177.58,349.20,349.20,349.20,349.20,322.75,322.75,322.75,322.75,0.00,0.00,0.00,0.00,-19.25,-19.25,-19.25,-19.25,-0.00
10/13/2021,COIN,249.57,263.19,248.49,256.50,4945300.00,-7.17,255.12,244.60,253.32,256.50,256.50,317.27,177.58,349.20,349.20,349.20,349.20,322.75,322.75,322.75,322.75,0.00,0.00,0.00,0.00,-19.25,-19.25,-19.25,-19.25,-0.00
10/12/2021,COIN,253.53,256.18,246.90,248.14,2873700.00,8.36,254.71,244.28,253.30,248.14,248.14,317.27,177.58,349.20,349.20,349.20,349.20,322.75,322.75,322.75,322.75,0.00,0.00,0.00,0.00,-19.25,-19.25,-19.25,-19.25,-0.00
10/11/2021,COIN,248.00,253.00,245.65,251.59,3213200.00,-3.45,254.46,244.19,253.34,251.59,251.59,317.27,177.58,349.20,349.20,349.20,349.20,322.75,322.75,322.75,322.75,0.00,0.00,0.00,0.00,-19.25,-19.25,-19.25,-19.25,-0.00
10/10/2021,COIN,248.00,253.00,245.65,251.59,3213200.00,-3.45,254.46,244.19,253.34,251.59,251.59,317.27,177.58,349.20,349.20,349.20,349.20,322.75,322.75,322.75,322.75,0.00,0.00,0.00,0.00,-19.25,-19.25,-19.25,-19.25,-0.00
10/09/2021,COIN,248.00,253.00,245.65,251.59,3213200.00,-3.45,254.46,244.19,253.34,251.59,251.59,317.27,177.58,349.20,349.20,349.20,349.20,322.75,322.75,322.75,322.75,0.00,0.00,0.00,0.00,-19.25,-19.25,-19.25,-19.25,-0.00
10/08/2021,COIN,242.40,252.14,242.20,250.38,5747700.00,1.21,254.26,244.15,253.35,250.38,250.38,317.27,177.58,349.20,349.20,349.20,349.20,322.75,322.75,322.75,322.75,0.00,0.00,0.00,0.00,-19.25,-19.25,-19.25,-19.25,-0.00
10/07/2021,COIN,231.35,240.09,230.79,240.09,2994400.00,10.29,253.94,244.23,253.38,240.09,240.09,317.27,177.58,349.20,349.20,349.20,349.20,322.75,322.75,322.75,322.75,0.00,0.00,0.00,0.00,-19.25,-19.25,-19.25,-19.25,-0.00
10/06/2021,COIN,231.49,233.10,224.51,229.31,2591100.00,10.78,254.05,244.49,253.49,229.31,229.31,317.27,177.58,349.20,349.20,349.20,349.20,322.75,322.75,322.75,322.75,0.00,0.00,0.00,0.00,-19.25,-19.25,-19.25,-19.25,-0.00
10/05/2021,COIN,232.89,235.76,226.93,231.15,3457300.00,-1.84,253.96,245.04,253.69,231.15,231.15,317.27,177.58,349.20,349.20,349.20,349.20,322.75,322.75,322.75,322.75,0.00,0.00,0.00,0.00,-19.25,-19.25,-19.25,-19.25,-0.00
10/04/2021,COIN,227.00,229.99,225.28,227.48,2514700.00,3.67,253.86,245.76,253.89,227.48,227.48,317.27,177.58,349.20,349.20,349.20,349.20,322.75,322.75,322.75,322.75,0.00,0.00,0.00,0.00,-19.25,-19.25,-19.25,-19.25,-0.00
10/03/2021,COIN,227.00,229.99,225.28,227.48,2514700.00,3.67,253.86,245.76,253.89,227.48,227.48,317.27,177.58,349.20,349.20,349.20,349.20,322.75,322.75,322.75,322.75,0.00,0.00,0.00,0.00,-19.25,-19.25,-19.25,-19.25,-0.00
10/02/2021,COIN,227.00,229.99,225.28,227.48,2514700.00,3.67,253.86,245.76,253.89,227.48,227.48,317.27,177.58,349.20,349.20,349.20,349.20,322.75,322.75,322.75,322.75,0.00,0.00,0.00,0.00,-19.25,-19.25,-19.25,-19.25,-0.00
10/01/2021,COIN,231.00,233.77,225.04,225.28,2547300.00,2.20,253.93,246.43,254.11,225.28,225.28,317.27,177.58,349.20,349.20,349.20,349.20,322.75,322.75,322.75,322.75,0.00,0.00,0.00,0.00,-19.25,-19.25,-19.25,-19.25,-0.00
09/30/2021,COIN,229.68,232.51,227.52,229.84,3231200.00,-4.56,253.92,246.82,254.36,229.84,229.84,317.27,177.58,349.20,349.20,349.20,349.20,322.75,322.75,322.75,322.75,0.00,0.00,0.00,0.00,-19.25,-19.25,-19.25,-19.25,-0.00
09/29/2021,COIN,231.88,233.40,227.35,232.24,3234800.00,-2.40,253.73,247.09,254.58,232.24,232.24,317.27,177.58,349.20,349.20,349.20,349.20,322.75,322.75,322.75,322.75,0.00,0.00,0.00,0.00,-19.25,-19.25,-19.25,-19.25,-0.00
09/28/2021,COIN,231.00,235.31,229.17,231.82,3700000.00,0.42,253.59,247.50,254.78,231.82,231.82,317.27,177.58,349.20,349.20,349.20,349.20,322.75,322.75,322.75,322.75,0.00,0.00,0.00,0.00,-19.25,-19.25,-19.25,-19.25,-0.00
09/27/2021,COIN,244.57,245.80,237.07,237.50,3151300.00,-5.68,253.44,247.99,254.98,237.50,237.50,317.27,177.58,349.20,349.20,349.20,349.20,322.75,322.75,322.75,322.75,0.00,0.00,0.00,0.00,-19.25,-19.25,-19.25,-19.25,-0.00
09/26/2021,COIN,244.57,245.80,237.07,237.50,3151300.00,-5.68,253.44,247.99,254.98,237.50,237.50,317.27,177.58,349.20,349.20,349.20,349.20,322.75,322.75,322.75,322.75,0.00,0.00,0.00,0.00,-19.25,-19.25,-19.25,-19.25,-0.00
09/25/2021,COIN,244.57,245.80,237.07,237.50,3151300.00,-5.68,253.44,247.99,254.98,237.50,237.50,317.27,177.58,349.20,349.20,349.20,349.20,322.75,322.75,322.75,322.75,0.00,0.00,0.00,0.00,-19.25,-19.25,-19.25,-19.25,-0.00
09/24/2021,COIN,239.91,243.20,237.76,241.85,1660200.00,-4.35,253.29,248.57,255.14,241.85,241.85,317.27,177.58,349.20,349.20,349.20,349.20,322.75,322.75,322.75,322.75,0.00,0.00,0.00,0.00,-19.25,-19.25,-19.25,-19.25,-0.00
09/23/2021,COIN,237.01,240.26,234.26,238.46,2174700.00,3.39,253.32,249.13,255.26,238.46,238.46,317.27,177.58,349.20,349.20,349.20,349.20,322.75,322.75,322.75,322.75,0.00,0.00,0.00,0.00,-19.25,-19.25,-19.25,-19.25,-0.00
09/22/2021,COIN,234.45,237.36,231.15,236.53,4192600.00,1.93,253.50,249.70,255.42,236.53,236.53,317.27,177.58,349.20,349.20,349.20,349.20,322.75,322.75,322.75,322.75,0.00,0.00,0.00,0.00,-19.25,-19.25,-19.25,-19.25,-0.00
09/21/2021,COIN,243.13,245.63,238.75,245.19,2948000.00,-8.66,253.86,250.32,255.59,245.19,245.19,317.27,177.58,349.20,349.20,349.20,349.20,322.75,322.75,322.75,322.75,0.00,0.00,0.00,0.00,-19.25,-19.25,-19.25,-19.25,-0.00
09/20/2021,COIN,247.38,247.46,239.61,243.21,2596800.00,1.98,253.84,250.89,255.69,243.21,243.21,317.27,177.58,349.20,349.20,349.20,349.20,322.75,322.75,322.75,322.75,0.00,0.00,0.00,0.00,-19.25,-19.25,-19.25,-19.25,-0.00
09/19/2021,COIN,247.38,247.46,239.61,243.21,2596800.00,1.98,253.84,250.89,255.69,243.21,243.21,317.27,177.58,349.20,349.20,349.20,349.20,322.75,322.75,322.75,322.75,0.00,0.00,0.00,0.00,-19.25,-19.25,-19.25,-19.25,-0.00
09/18/2021,COIN,247.38,247.46,239.61,243.21,2596800.00,1.98,253.84,250.89,255.69,243.21,243.21,317.27,177.58,349.20,349.20,349.20,349.20,322.75,322.75,322.75,322.75,0.00,0.00,0.00,0.00,-19.25,-19.25,-19.25,-19.25,-0.00
09/17/2021,COIN,244.00,249.47,242.05,247.07,2148300.00,-3.86,254.02,251.51,255.81,247.07,247.07,317.27,177.58,349.20,349.20,349.20,349.20,322.75,322.75,322.75,322.75,0.00,0.00,0.00,0.00,-19.25,-19.25,-19.25,-19.25,-0.00
09/16/2021,COIN,247.25,248.79,241.27,243.00,2748900.00,4.07,253.78,251.96,255.89,243.00,243.00,317.27,177.58,349.20,349.20,349.20,349.20,322.75,322.75,322.75,322.75,0.00,0.00,0.00,0.00,-19.25,-19.25,-19.25,-19.25,-0.00
09/15/2021,COIN,246.51,251.88,239.60,242.84,4021400.00,0.16,253.73,252.47,256.01,242.84,242.84,317.27,177.58,349.20,349.20,349.20,349.20,322.75,322.75,322.75,322.75,0.00,0.00,0.00,0.00,-19.25,-19.25,-19.25,-19.25,-0.00
09/14/2021,COIN,257.31,258.87,247.40,248.32,3191300.00,-5.48,253.71,253.17,256.14,248.32,248.32,317.27,177.58,349.20,349.20,349.20,349.20,322.75,322.75,322.75,322.75,0.00,0.00,0.00,0.00,-19.25,-19.25,-19.25,-19.25,-0.00
09/13/2021,COIN,260.30,263.81,255.70,256.42,3074500.00,-8.10,253.81,253.90,256.22,256.42,256.42,317.27,177.58,349.20,349.20,349.20,349.20,322.75,322.75,322.75,322.75,0.00,0.00,0.00,0.00,-19.25,-19.25,-19.25,-19.25,-0.00
09/12/2021,COIN,260.30,263.81,255.70,256.42,3074500.00,-8.10,253.81,253.90,256.22,256.42,256.42,317.27,177.58,349.20,349.20,349.20,349.20,322.75,322.75,322.75,322.75,0.00,0.00,0.00,0.00,-19.25,-19.25,-19.25,-19.25,-0.00
09/11/2021,COIN,260.30,263.81,255.70,256.42,3074500.00,-8.10,253.81,253.90,256.22,256.42,256.42,317.27,177.58,349.20,349.20,349.20,349.20,322.75,322.75,322.75,322.75,0.00,0.00,0.00,0.00,-19.25,-19.25,-19.25,-19.25,-0.00
09/10/2021,COIN,257.00,262.95,253.88,258.20,4507600.00,-1.78,253.78,254.68,256.21,258.20,258.20,317.27,177.58,349.20,349.20,349.20,349.20,322.75,322.75,322.75,322.75,0.00,0.00,0.00,0.00,-19.25,-19.25,-19.25,-19.25,-0.00
09/09/2021,COIN,277.00,278.87,262.60,266.81,5173000.00,-8.61,253.54,255.52,256.19,266.81,266.81,317.27,177.58,349.20,349.20,349.20,349.20,322.75,322.75,322.75,322.75,0.00,0.00,0.00,0.00,-19.25,-19.25,-19.25,-19.25,-0.00
09/08/2021,COIN,272.00,280.61,270.03,278.44,4425700.00,-11.63,252.68,256.09,256.09,278.44,266.81,317.27,177.58,349.20,349.20,349.20,349.20,322.75,322.75,322.75,322.75,0.00,0.00,0.00,0.00,-19.25,-19.25,-19.25,-19.25,-0.00
09/07/2021,COIN,272.54,275.66,266.00,268.18,3733200.00,10.26,251.69,256.09,255.86,268.18,266.81,317.27,177.58,349.20,349.20,349.20,349.20,322.75,322.75,322.75,322.75,0.00,0.00,0.00,0.00,-19.25,-19.25,-19.25,-19.25,-0.00
09/06/2021,COIN,272.54,275.66,266.00,268.18,3733200.00,10.26,251.69,256.09,255.86,268.18,266.81,317.27,177.58,349.20,349.20,349.20,349.20,322.75,322.75,322.75,322.75,0.00,0.00,0.00,0.00,-19.25,-19.25,-19.25,-19.25,-0.00
09/05/2021,COIN,272.54,275.66,266.00,268.18,3733200.00,10.26,251.69,256.09,255.86,268.18,266.81,317.27,177.58,349.20,349.20,349.20,349.20,322.75,322.75,322.75,322.75,0.00,0.00,0.00,0.00,-19.25,-19.25,-19.25,-19.25,-0.00
09/04/2021,COIN,272.54,275.66,266.00,268.18,3733200.00,10.26,251.69,256.09,255.86,268.18,266.81,317.27,177.58,349.20,349.20,349.20,349.20,322.75,322.75,322.75,322.75,0.00,0.00,0.00,0.00,-19.25,-19.25,-19.25,-19.25,-0.00
09/03/2021,COIN,260.31,272.10,258.63,265.90,4789600.00,2.28,250.83,256.09,255.73,265.90,266.81,317.27,177.58,349.20,349.20,349.20,349.20,322.75,322.75,322.75,322.75,0.00,0.00,0.00,0.00,-19.25,-19.25,-19.25,-19.25,-0.00
09/02/2021,COIN,260.02,263.40,257.18,259.00,2493800.00,6.90,249.94,256.09,255.63,259.00,266.81,317.27,177.58,349.20,349.20,349.20,349.20,322.75,322.75,322.75,322.75,0.00,0.00,0.00,0.00,-19.25,-19.25,-19.25,-19.25,-0.00
09/01/2021,COIN,256.35,263.34,256.25,262.66,2687600.00,-3.66,249.20,256.09,255.59,262.66,266.81,317.27,177.58,349.20,349.20,349.20,349.20,322.75,322.75,322.75,322.75,0.00,0.00,0.00,0.00,-19.25,-19.25,-19.25,-19.25,-0.00
08/31/2021,COIN,249.39,259.67,248.09,259.12,3201400.00,3.54,248.52,256.09,255.52,259.12,266.81,317.27,177.58,349.20,349.20,349.20,349.20,322.75,322.75,322.75,322.75,0.00,0.00,0.00,0.00,-19.25,-19.25,-19.25,-19.25,-0.00
08/30/2021,COIN,253.21,255.20,248.50,248.54,3038900.00,10.58,247.94,256.09,255.48,248.54,266.81,317.27,177.58,349.20,349.20,349.20,349.20,322.75,322.75,322.75,322.75,0.00,0.00,0.00,0.00,-19.25,-19.25,-19.25,-19.25,-0.00
08/29/2021,COIN,253.21,255.20,248.50,248.54,3038900.00,10.58,247.94,256.09,255.48,248.54,266.81,317.27,177.58,349.20,349.20,349.20,349.20,322.75,322.75,322.75,322.75,0.00,0.00,0.00,0.00,-19.25,-19.25,-19.25,-19.25,-0.00
08/28/2021,COIN,253.21,255.20,248.50,248.54,3038900.00,10.58,247.94,256.09,255.48,248.54,266.81,317.27,177.58,349.20,349.20,349.20,349.20,322.75,322.75,322.75,322.75,0.00,0.00,0.00,0.00,-19.25,-19.25,-19.25,-19.25,-0.00
08/27/2021,COIN,257.00,262.11,256.00,256.77,2675100.00,-8.23,247.52,256.09,255.55,256.77,266.81,317.27,177.58,349.20,349.20,349.20,349.20,322.75,322.75,322.75,322.75,0.00,0.00,0.00,0.00,-19.25,-19.25,-19.25,-19.25,-0.00
08/26/2021,COIN,256.99,260.25,253.20,259.28,3982800.00,-2.51,247.02,256.09,255.54,259.28,266.81,317.27,177.58,349.20,349.20,349.20,349.20,322.75,322.75,322.75,322.75,0.00,0.00,0.00,0.00,-19.25,-19.25,-19.25,-19.25,-0.00
08/25/2021,COIN,263.67,266.50,255.00,256.00,5705300.00,3.28,246.61,256.09,255.50,256.00,266.81,317.27,177.58,349.20,349.20,349.20,349.20,322.75,322.75,322.75,322.75,0.00,0.00,0.00,0.00,-19.25,-19.25,-19.25,-19.25,-0.00
08/24/2021,COIN,252.00,260.62,251.42,257.32,4031100.00,-1.32,245.95,256.09,255.49,257.32,266.81,317.27,177.58,349.20,349.20,349.20,349.20,322.75,322.75,322.75,322.75,0.00,0.00,0.00,0.00,-19.25,-19.25,-19.25,-19.25,-0.00
08/23/2021,COIN,240.60,249.77,239.19,248.24,3247200.00,9.08,245.23,256.09,255.47,248.24,266.81,317.27,177.58,349.20,349.20,349.20,349.20,322.75,322.75,322.75,322.75,0.00,0.00,0.00,0.00,-19.25,-19.25,-19.25,-19.25,-0.00
08/22/2021,COIN,240.60,249.77,239.19,248.24,3247200.00,9.08,245.23,256.09,255.47,248.24,266.81,317.27,177.58,349.20,349.20,349.20,349.20,322.75,322.75,322.75,322.75,0.00,0.00,0.00,0.00,-19.25,-19.25,-19.25,-19.25,-0.00
08/21/2021,COIN,240.60,249.77,239.19,248.24,3247200.00,9.08,245.23,256.09,255.47,248.24,266.81,317.27,177.58,349.20,349.20,349.20,349.20,322.75,322.75,322.75,322.75,0.00,0.00,0.00,0.00,-19.25,-19.25,-19.25,-19.25,-0.00
08/20/2021,COIN,249.00,254.40,243.76,244.39,2565000.00,3.85,244.74,256.09,255.55,244.39,266.81,317.27,177.58,349.20,349.20,349.20,349.20,322.75,322.75,322.75,322.75,0.00,0.00,0.00,0.00,-19.25,-19.25,-19.25,-19.25,-0.00
08/19/2021,COIN,253.14,260.74,246.23,250.80,3102000.00,-6.41,244.25,256.09,255.68,250.80,266.81,317.27,177.58,349.20,349.20,349.20,349.20,322.75,322.75,322.75,322.75,0.00,0.00,0.00,0.00,-19.25,-19.25,-19.25,-19.25,-0.00
08/18/2021,COIN,265.26,265.43,253.60,256.83,3232200.00,-6.03,243.86,256.09,255.74,256.83,266.81,317.27,177.58,349.20,349.20,349.20,349.20,322.75,322.75,322.75,322.75,0.00,0.00,0.00,0.00,-19.25,-19.25,-19.25,-19.25,-0.00
08/17/2021,COIN,262.82,266.50,259.97,261.25,4472800.00,-4.42,243.29,256.09,255.73,261.25,266.81,317.27,177.58,349.20,349.20,349.20,349.20,322.75,322.75,322.75,322.75,0.00,0.00,0.00,0.00,-19.25,-19.25,-19.25,-19.25,-0.00
08/16/2021,COIN,266.39,267.75,255.20,256.50,8247800.00,4.75,242.72,256.09,255.66,256.50,266.81,317.27,177.58,349.20,349.20,349.20,349.20,322.75,322.75,322.75,322.75,0.00,0.00,0.00,0.00,-19.25,-19.25,-19.25,-19.25,-0.00
08/15/2021,COIN,266.39,267.75,255.20,256.50,8247800.00,4.75,242.72,256.09,255.66,256.50,266.81,317.27,177.58,349.20,349.20,349.20,349.20,322.75,322.75,322.75,322.75,0.00,0.00,0.00,0.00,-19.25,-19.25,-19.25,-19.25,-0.00
08/14/2021,COIN,266.39,267.75,255.20,256.50,8247800.00,4.75,242.72,256.09,255.66,256.50,266.81,317.27,177.58,349.20,349.20,349.20,349.20,322.75,322.75,322.75,322.75,0.00,0.00,0.00,0.00,-19.25,-19.25,-19.25,-19.25,-0.00
08/13/2021,COIN,282.34,294.00,274.35,278.40,13998300.00,-21.90,242.40,256.09,255.65,278.40,266.81,317.27,177.58,349.20,349.20,349.20,349.20,322.75,322.75,322.75,322.75,0.00,0.00,0.00,0.00,-19.25,-19.25,-19.25,-19.25,-0.00
08/12/2021,COIN,280.67,281.50,264.25,269.67,7723400.00,8.73,241.59,256.09,255.37,269.67,266.81,317.27,177.58,349.20,349.20,349.20,349.20,322.75,322.75,322.75,322.75,0.00,0.00,0.00,0.00,-19.25,-19.25,-19.25,-19.25,-0.00
08/11/2021,COIN,267.85,282.43,267.50,280.47,8892400.00,-10.80,240.92,256.09,255.19,280.47,266.81,317.27,177.58,349.20,349.20,349.20,349.20,322.75,322.75,322.75,322.75,0.00,0.00,0.00,0.00,-19.25,-19.25,-19.25,-19.25,-0.00
08/10/2021,COIN,255.50,263.90,250.23,258.26,5579900.00,22.21,240.23,256.09,254.87,258.26,266.81,317.27,177.58,349.20,349.20,349.20,349.20,322.75,322.75,322.75,322.75,0.00,0.00,0.00,0.00,-19.25,-19.25,-19.25,-19.25,-0.00
08/09/2021,COIN,239.76,258.31,237.59,255.50,6017800.00,2.76,239.89,256.09,254.83,255.50,266.81,317.27,177.58,349.20,349.20,349.20,349.20,322.75,322.75,322.75,322.75,0.00,0.00,0.00,0.00,-19.25,-19.25,-19.25,-19.25,-0.00
08/08/2021,COIN,239.76,258.31,237.59,255.50,6017800.00,2.76,239.89,256.09,254.83,255.50,266.81,317.27,177.58,349.20,349.20,349.20,349.20,322.75,322.75,322.75,322.75,0.00,0.00,0.00,0.00,-19.25,-19.25,-19.25,-19.25,-0.00
08/07/2021,COIN,239.76,258.31,237.59,255.50,6017800.00,2.76,239.89,256.09,254.83,255.50,266.81,317.27,177.58,349.20,349.20,349.20,349.20,322.75,322.75,322.75,322.75,0.00,0.00,0.00,0.00,-19.25,-19.25,-19.25,-19.25,-0.00
08/06/2021,COIN,231.06,245.47,229.85,244.36,3684700.00,11.14,239.63,256.09,254.82,244.36,266.81,317.27,177.58,349.20,349.20,349.20,349.20,322.75,322.75,322.75,322.75,0.00,0.00,0.00,0.00,-19.25,-19.25,-19.25,-19.25,-0.00
08/05/2021,COIN,233.87,235.69,226.91,230.18,2850500.00,14.18,239.24,256.09,254.96,230.18,266.81,317.27,177.58,349.20,349.20,349.20,349.20,322.75,322.75,322.75,322.75,0.00,0.00,0.00,0.00,-19.25,-19.25,-19.25,-19.25,-0.00
08/04/2021,COIN,237.28,240.38,233.80,235.40,2151300.00,-5.22,239.12,256.09,255.29,235.40,266.81,317.27,177.58,349.20,349.20,349.20,349.20,322.75,322.75,322.75,322.75,0.00,0.00,0.00,0.00,-19.25,-19.25,-19.25,-19.25,-0.00
08/03/2021,COIN,233.28,238.07,231.90,236.58,2041100.00,-1.18,239.08,256.09,255.56,236.58,266.81,317.27,177.58,349.20,349.20,349.20,349.20,322.75,322.75,322.75,322.75,0.00,0.00,0.00,0.00,-19.25,-19.25,-19.25,-19.25,-0.00
08/02/2021,COIN,241.77,245.16,235.33,235.78,2453100.00,0.80,238.84,256.09,255.82,235.78,266.81,317.27,177.58,349.20,349.20,349.20,349.20,322.75,322.75,322.75,322.75,0.00,0.00,0.00,0.00,-19.25,-19.25,-19.25,-19.25,-0.00
08/01/2021,COIN,241.77,245.16,235.33,235.78,2453100.00,0.80,238.84,256.09,255.82,235.78,266.81,317.27,177.58,349.20,349.20,349.20,349.20,322.75,322.75,322.75,322.75,0.00,0.00,0.00,0.00,-19.25,-19.25,-19.25,-19.25,-0.00
07/31/2021,COIN,241.77,245.16,235.33,235.78,2453100.00,0.80,238.84,256.09,255.82,235.78,266.81,317.27,177.58,349.20,349.20,349.20,349.20,322.75,322.75,322.75,322.75,0.00,0.00,0.00,0.00,-19.25,-19.25,-19.25,-19.25,-0.00
07/30/2021,COIN,240.30,242.87,238.03,241.75,2065200.00,-5.97,238.90,256.09,256.10,241.75,266.81,317.27,177.58,349.20,349.20,349.20,349.20,322.75,322.75,322.75,322.75,0.00,0.00,0.00,0.00,-19.25,-19.25,-19.25,-19.25,-0.00
07/29/2021,COIN,243.00,243.21,229.12,235.08,5636400.00,6.67,239.03,256.09,256.30,235.08,266.81,317.27,177.58,349.20,349.20,349.20,349.20,322.75,322.75,322.75,322.75,0.00,0.00,0.00,0.00,-19.25,-19.25,-19.25,-19.25,-0.00
07/28/2021,COIN,240.08,249.80,237.88,245.45,7615700.00,-10.37,239.51,256.09,256.60,245.45,266.81,317.27,177.58,349.20,349.20,349.20,349.20,322.75,322.75,322.75,322.75,0.00,0.00,0.00,0.00,-19.25,-19.25,-19.25,-19.25,-0.00
07/27/2021,COIN,226.22,227.35,222.73,224.92,1574700.00,20.53,239.91,256.09,256.76,224.92,266.81,317.27,177.58,349.20,349.20,349.20,349.20,322.75,322.75,322.75,322.75,0.00,0.00,0.00,0.00,-19.25,-19.25,-19.25,-19.25,-0.00
07/26/2021,COIN,232.00,232.32,224.50,226.08,2551700.00,-1.16,241.11,256.09,257.23,226.08,266.81,317.27,177.58,349.20,349.20,349.20,349.20,322.75,322.75,322.75,322.75,0.00,0.00,0.00,0.00,-19.25,-19.25,-19.25,-19.25,-0.00
07/25/2021,COIN,232.00,232.32,224.50,226.08,2551700.00,-1.16,241.11,256.09,257.23,226.08,266.81,317.27,177.58,349.20,349.20,349.20,349.20,322.75,322.75,322.75,322.75,0.00,0.00,0.00,0.00,-19.25,-19.25,-19.25,-19.25,-0.00
07/24/2021,COIN,232.00,232.32,224.50,226.08,2551700.00,-1.16,241.11,256.09,257.23,226.08,266.81,317.27,177.58,349.20,349.20,349.20,349.20,322.75,322.75,322.75,322.75,0.00,0.00,0.00,0.00,-19.25,-19.25,-19.25,-19.25,-0.00
07/23/2021,COIN,231.70,237.15,229.19,230.87,3677400.00,-4.79,242.68,256.09,257.70,230.87,266.81,317.27,177.58,349.20,349.20,349.20,349.20,322.75,322.75,322.75,322.75,0.00,0.00,0.00,0.00,-19.25,-19.25,-19.25,-19.25,-0.00
07/22/2021,COIN,216.71,226.89,213.23,224.96,3104800.00,5.91,243.96,256.09,258.10,224.96,266.81,317.27,177.58,349.20,349.20,349.20,349.20,322.75,322.75,322.75,322.75,0.00,0.00,0.00,0.00,-19.25,-19.25,-19.25,-19.25,-0.00
07/21/2021,COIN,216.92,221.89,213.22,220.61,3149300.00,4.35,244.75,256.09,258.61,220.61,266.81,317.27,177.58,349.20,349.20,349.20,349.20,322.75,322.75,322.75,322.75,0.00,0.00,0.00,0.00,-19.25,-19.25,-19.25,-19.25,-0.00
07/20/2021,COIN,227.20,231.30,220.66,225.01,3373100.00,-4.40,245.48,256.09,259.21,225.01,266.81,317.27,177.58,349.20,349.20,349.20,349.20,322.75,322.75,322.75,322.75,0.00,0.00,0.00,0.00,-19.25,-19.25,-19.25,-19.25,-0.00
07/19/2021,COIN,229.94,234.47,220.37,224.63,3635900.00,0.38,246.46,256.09,259.75,224.63,266.81,317.27,177.58,349.20,349.20,349.20,349.20,322.75,322.75,322.75,322.75,0.00,0.00,0.00,0.00,-19.25,-19.25,-19.25,-19.25,-0.00
07/18/2021,COIN,229.94,234.47,220.37,224.63,3635900.00,0.38,246.46,256.09,259.75,224.63,266.81,317.27,177.58,349.20,349.20,349.20,349.20,322.75,322.75,322.75,322.75,0.00,0.00,0.00,0.00,-19.25,-19.25,-19.25,-19.25,-0.00
07/17/2021,COIN,229.94,234.47,220.37,224.63,3635900.00,0.38,246.46,256.09,259.75,224.63,266.81,317.27,177.58,349.20,349.20,349.20,349.20,322.75,322.75,322.75,322.75,0.00,0.00,0.00,0.00,-19.25,-19.25,-19.25,-19.25,-0.00
07/16/2021,COIN,244.90,247.45,229.16,229.94,4808400.00,-5.31,247.61,256.09,260.31,229.94,266.81,317.27,177.58,349.20,349.20,349.20,349.20,322.75,322.75,322.75,322.75,0.00,0.00,0.00,0.00,-19.25,-19.25,-19.25,-19.25,-0.00
07/15/2021,COIN,245.51,249.15,242.93,243.31,3308000.00,-13.37,248.92,256.09,260.81,243.31,266.81,317.27,177.58,349.20,349.20,349.20,349.20,322.75,322.75,322.75,322.75,0.00,0.00,0.00,0.00,-19.25,-19.25,-19.25,-19.25,-0.00
07/14/2021,COIN,254.00,254.89,246.83,247.67,2222100.00,-4.36,250.03,256.09,261.10,247.67,266.81,317.27,177.58,349.20,349.20,349.20,349.20,322.75,322.75,322.75,322.75,0.00,0.00,0.00,0.00,-19.25,-19.25,-19.25,-19.25,-0.00
07/13/2021,COIN,245.00,256.99,244.21,253.88,4457400.00,-6.21,250.99,256.09,261.33,253.88,266.81,317.27,177.58,349.20,349.20,349.20,349.20,322.75,322.75,322.75,322.75,0.00,0.00,0.00,0.00,-19.25,-19.25,-19.25,-19.25,-0.00
07/12/2021,COIN,239.00,246.60,233.61,244.29,4350000.00,9.59,251.89,256.09,261.46,244.29,266.81,317.27,177.58,349.20,349.20,349.20,349.20,322.75,322.75,322.75,322.75,0.00,0.00,0.00,0.00,-19.25,-19.25,-19.25,-19.25,-0.00
07/11/2021,COIN,239.00,246.60,233.61,244.29,4350000.00,9.59,251.89,256.09,261.46,244.29,266.81,317.27,177.58,349.20,349.20,349.20,349.20,322.75,322.75,322.75,322.75,0.00,0.00,0.00,0.00,-19.25,-19.25,-19.25,-19.25,-0.00
07/10/2021,COIN,239.00,246.60,233.61,244.29,4350000.00,9.59,251.89,256.09,261.46,244.29,266.81,317.27,177.58,349.20,349.20,349.20,349.20,322.75,322.75,322.75,322.75,0.00,0.00,0.00,0.00,-19.25,-19.25,-19.25,-19.25,-0.00
07/09/2021,COIN,238.96,252.99,232.34,251.97,4804400.00,-7.68,253.07,256.09,261.76,251.97,266.81,317.27,177.58,349.20,349.20,349.20,349.20,322.75,322.75,322.75,322.75,0.00,0.00,0.00,0.00,-19.25,-19.25,-19.25,-19.25,-0.00
07/08/2021,COIN,243.00,243.00,234.02,235.41,2212600.00,16.56,254.14,256.09,261.94,235.41,266.81,317.27,177.58,349.20,349.20,349.20,349.20,322.75,322.75,322.75,322.75,0.00,0.00,0.00,0.00,-19.25,-19.25,-19.25,-19.25,-0.00
07/07/2021,COIN,242.00,246.80,238.88,240.72,2325000.00,-5.31,255.29,256.09,262.42,240.72,266.81,317.27,177.58,349.20,349.20,349.20,349.20,322.75,322.75,322.75,322.75,0.00,0.00,0.00,0.00,-19.25,-19.25,-19.25,-19.25,-0.00
07/06/2021,COIN,251.09,255.15,240.53,241.44,3611300.00,-0.72,256.36,256.09,262.82,241.44,266.81,317.27,177.58,349.20,349.20,349.20,349.20,322.75,322.75,322.75,322.75,0.00,0.00,0.00,0.00,-19.25,-19.25,-19.25,-19.25,-0.00
07/05/2021,COIN,251.09,255.15,240.53,241.44,3611300.00,-0.72,256.36,256.09,262.82,241.44,266.81,317.27,177.58,349.20,349.20,349.20,349.20,322.75,322.75,322.75,322.75,0.00,0.00,0.00,0.00,-19.25,-19.25,-19.25,-19.25,-0.00
07/04/2021,COIN,251.09,255.15,240.53,241.44,3611300.00,-0.72,256.36,256.09,262.82,241.44,266.81,317.27,177.58,349.20,349.20,349.20,349.20,322.75,322.75,322.75,322.75,0.00,0.00,0.00,0.00,-19.25,-19.25,-19.25,-19.25,-0.00
07/03/2021,COIN,251.09,255.15,240.53,241.44,3611300.00,-0.72,256.36,256.09,262.82,241.44,266.81,317.27,177.58,349.20,349.20,349.20,349.20,322.75,322.75,322.75,322.75,0.00,0.00,0.00,0.00,-19.25,-19.25,-19.25,-19.25,-0.00
07/02/2021,COIN,248.30,254.67,247.00,253.30,4143500.00,-11.86,257.80,256.09,263.22,253.30,266.81,317.27,177.58,349.20,349.20,349.20,349.20,322.75,322.75,322.75,322.75,0.00,0.00,0.00,0.00,-19.25,-19.25,-19.25,-19.25,-0.00
07/01/2021,COIN,250.20,261.15,250.01,254.90,7867600.00,-1.60,259.18,256.09,263.41,254.90,266.81,317.27,177.58,349.20,349.20,349.20,349.20,322.75,322.75,322.75,322.75,0.00,0.00,0.00,0.00,-19.25,-19.25,-19.25,-19.25,-0.00
06/30/2021,COIN,227.64,248.06,226.13,246.69,7449000.00,8.21,260.77,256.09,263.58,246.69,266.81,317.27,177.58,349.20,349.20,349.20,349.20,322.75,322.75,322.75,322.75,0.00,0.00,0.00,0.00,-19.25,-19.25,-19.25,-19.25,-0.00
06/29/2021,COIN,226.97,227.82,223.22,224.54,2507000.00,22.15,262.72,256.09,263.92,224.54,266.81,317.27,177.58,349.20,349.20,349.20,349.20,322.75,322.75,322.75,322.75,0.00,0.00,0.00,0.00,-19.25,-19.25,-19.25,-19.25,-0.00
06/28/2021,COIN,228.46,230.04,226.67,229.93,2857700.00,-5.39,264.72,256.09,264.72,224.54,266.81,317.27,177.58,349.20,349.20,349.20,349.20,322.75,322.75,322.75,322.75,0.00,0.00,0.00,0.00,-19.25,-19.25,-19.25,-19.25,-0.00
06/27/2021,COIN,228.46,230.04,226.67,229.93,2857700.00,-5.39,264.72,256.09,264.72,224.54,266.81,317.27,177.58,349.20,349.20,349.20,349.20,322.75,322.75,322.75,322.75,0.00,0.00,0.00,0.00,-19.25,-19.25,-19.25,-19.25,-0.00
06/26/2021,COIN,228.46,230.04,226.67,229.93,2857700.00,-5.39,264.72,256.09,264.72,224.54,266.81,317.27,177.58,349.20,349.20,349.20,349.20,322.75,322.75,322.75,322.75,0.00,0.00,0.00,0.00,-19.25,-19.25,-19.25,-19.25,-0.00
06/25/2021,COIN,225.54,230.52,224.50,226.01,3394700.00,3.92,264.72,256.09,265.45,224.54,266.81,317.27,177.58,349.20,349.20,349.20,349.20,322.75,322.75,322.75,322.75,0.00,0.00,0.00,0.00,-19.25,-19.25,-19.25,-19.25,-0.00
06/24/2021,COIN,216.25,223.15,210.77,222.47,6206100.00,3.54,264.72,256.09,266.29,224.54,266.81,317.27,177.58,349.20,349.20,349.20,349.20,322.75,322.75,322.75,322.75,0.00,0.00,0.00,0.00,-19.25,-19.25,-19.25,-19.25,-0.00
06/23/2021,COIN,223.14,224.99,218.77,222.60,4687600.00,-0.13,264.72,256.09,267.24,224.54,266.81,317.27,177.58,349.20,349.20,349.20,349.20,322.75,322.75,322.75,322.75,0.00,0.00,0.00,0.00,-19.25,-19.25,-19.25,-19.25,-0.00
06/22/2021,COIN,226.92,232.69,226.50,229.29,3265200.00,-6.69,264.72,256.09,268.23,224.54,266.81,317.27,177.58,349.20,349.20,349.20,349.20,322.75,322.75,322.75,322.75,0.00,0.00,0.00,0.00,-19.25,-19.25,-19.25,-19.25,-0.00
06/21/2021,COIN,226.88,233.23,226.35,230.66,2589600.00,-1.37,264.72,256.09,269.12,224.54,266.81,317.27,177.58,349.20,349.20,349.20,349.20,322.75,322.75,322.75,322.75,0.00,0.00,0.00,0.00,-19.25,-19.25,-19.25,-19.25,-0.00
06/20/2021,COIN,226.88,233.23,226.35,230.66,2589600.00,-1.37,264.72,256.09,269.12,224.54,266.81,317.27,177.58,349.20,349.20,349.20,349.20,322.75,322.75,322.75,322.75,0.00,0.00,0.00,0.00,-19.25,-19.25,-19.25,-19.25,-0.00
06/19/2021,COIN,226.88,233.23,226.35,230.66,2589600.00,-1.37,264.72,256.09,269.12,224.54,266.81,317.27,177.58,349.20,349.20,349.20,349.20,322.75,322.75,322.75,322.75,0.00,0.00,0.00,0.00,-19.25,-19.25,-19.25,-19.25,-0.00
06/18/2021,COIN,231.40,234.68,226.28,228.05,2874800.00,2.61,264.72,256.09,270.01,224.54,266.81,317.27,177.58,349.20,349.20,349.20,349.20,322.75,322.75,322.75,322.75,0.00,0.00,0.00,0.00,-19.25,-19.25,-19.25,-19.25,-0.00
06/17/2021,COIN,236.23,237.67,230.96,232.21,3007900.00,-4.16,264.72,256.09,271.01,224.54,266.81,317.27,177.58,349.20,349.20,349.20,349.20,322.75,322.75,322.75,322.75,0.00,0.00,0.00,0.00,-19.25,-19.25,-19.25,-19.25,-0.00
06/16/2021,COIN,231.27,239.76,229.76,239.10,6151700.00,-6.89,264.72,256.09,271.96,224.54,266.81,317.27,177.58,349.20,349.20,349.20,349.20,322.75,322.75,322.75,322.75,0.00,0.00,0.00,0.00,-19.25,-19.25,-19.25,-19.25,-0.00
06/15/2021,COIN,223.50,225.74,221.96,223.92,2383500.00,15.18,264.72,256.09,272.78,224.54,266.81,317.27,177.58,349.20,349.20,349.20,349.20,322.75,322.75,322.75,322.75,0.00,0.00,0.00,0.00,-19.25,-19.25,-19.25,-19.25,-0.00
06/14/2021,COIN,226.22,229.79,221.47,221.85,3955300.00,2.07,264.72,256.09,274.03,224.54,266.81,317.27,177.58,349.20,349.20,349.20,349.20,322.75,322.75,322.75,322.75,0.00,0.00,0.00,0.00,-19.25,-19.25,-19.25,-19.25,-0.00
06/13/2021,COIN,226.22,229.79,221.47,221.85,3955300.00,2.07,264.72,256.09,274.03,224.54,266.81,317.27,177.58,349.20,349.20,349.20,349.20,322.75,322.75,322.75,322.75,0.00,0.00,0.00,0.00,-19.25,-19.25,-19.25,-19.25,-0.00
06/12/2021,COIN,226.22,229.79,221.47,221.85,3955300.00,2.07,264.72,256.09,274.03,224.54,266.81,317.27,177.58,349.20,349.20,349.20,349.20,322.75,322.75,322.75,322.75,0.00,0.00,0.00,0.00,-19.25,-19.25,-19.25,-19.25,-0.00
06/11/2021,COIN,222.80,229.79,217.40,224.32,6865900.00,-2.47,264.72,256.09,275.40,224.54,266.81,317.27,177.58,349.20,349.20,349.20,349.20,322.75,322.75,322.75,322.75,0.00,0.00,0.00,0.00,-19.25,-19.25,-19.25,-19.25,-0.00
06/10/2021,COIN,227.16,229.33,217.40,220.66,6015800.00,3.66,264.72,256.09,276.78,224.54,266.81,317.27,177.58,349.20,349.20,349.20,349.20,322.75,322.75,322.75,322.75,0.00,0.00,0.00,0.00,-19.25,-19.25,-19.25,-19.25,-0.00
06/09/2021,COIN,229.92,232.56,226.50,231.45,2658300.00,-10.79,264.72,256.09,278.34,224.54,266.81,317.27,177.58,349.20,349.20,349.20,349.20,322.75,322.75,322.75,322.75,0.00,0.00,0.00,0.00,-19.25,-19.25,-19.25,-19.25,-0.00
06/08/2021,COIN,229.99,233.36,227.50,228.79,3775100.00,2.66,264.72,256.09,279.68,224.54,266.81,317.27,177.58,349.20,349.20,349.20,349.20,322.75,322.75,322.75,322.75,0.00,0.00,0.00,0.00,-19.25,-19.25,-19.25,-19.25,-0.00
06/07/2021,COIN,241.39,241.50,233.50,233.66,3091100.00,-4.87,264.72,256.09,281.18,224.54,266.81,317.27,177.58,349.20,349.20,349.20,349.20,322.75,322.75,322.75,322.75,0.00,0.00,0.00,0.00,-19.25,-19.25,-19.25,-19.25,-0.00
06/06/2021,COIN,241.39,241.50,233.50,233.66,3091100.00,-4.87,264.72,256.09,281.18,224.54,266.81,317.27,177.58,349.20,349.20,349.20,349.20,322.75,322.75,322.75,322.75,0.00,0.00,0.00,0.00,-19.25,-19.25,-19.25,-19.25,-0.00
06/05/2021,COIN,241.39,241.50,233.50,233.66,3091100.00,-4.87,264.72,256.09,281.18,224.54,266.81,317.27,177.58,349.20,349.20,349.20,349.20,322.75,322.75,322.75,322.75,0.00,0.00,0.00,0.00,-19.25,-19.25,-19.25,-19.25,-0.00
06/04/2021,COIN,242.80,243.90,238.71,240.48,3383800.00,-6.82,264.72,256.09,282.62,224.54,266.81,317.27,177.58,349.20,349.20,349.20,349.20,322.75,322.75,322.75,322.75,0.00,0.00,0.00,0.00,-19.25,-19.25,-19.25,-19.25,-0.00
06/03/2021,COIN,238.51,244.71,238.10,238.93,3962700.00,1.55,264.72,256.09,283.94,224.54,266.81,317.27,177.58,349.20,349.20,349.20,349.20,322.75,322.75,322.75,322.75,0.00,0.00,0.00,0.00,-19.25,-19.25,-19.25,-19.25,-0.00
06/02/2021,COIN,243.57,244.63,236.54,236.54,5091500.00,2.39,264.72,256.09,285.39,224.54,266.81,317.27,177.58,349.20,349.20,349.20,349.20,322.75,322.75,322.75,322.75,0.00,0.00,0.00,0.00,-19.25,-19.25,-19.25,-19.25,-0.00
06/01/2021,COIN,245.21,247.24,240.32,247.09,5083300.00,-10.55,264.72,256.09,287.02,224.54,266.81,317.27,177.58,349.20,349.20,349.20,349.20,322.75,322.75,322.75,322.75,0.00,0.00,0.00,0.00,-19.25,-19.25,-19.25,-19.25,-0.00
05/31/2021,COIN,245.21,247.24,240.32,247.09,5083300.00,-10.55,264.72,256.09,287.02,224.54,266.81,317.27,177.58,349.20,349.20,349.20,349.20,322.75,322.75,322.75,322.75,0.00,0.00,0.00,0.00,-19.25,-19.25,-19.25,-19.25,-0.00
05/30/2021,COIN,245.21,247.24,240.32,247.09,5083300.00,-10.55,264.72,256.09,287.02,224.54,266.81,317.27,177.58,349.20,349.20,349.20,349.20,322.75,322.75,322.75,322.75,0.00,0.00,0.00,0.00,-19.25,-19.25,-19.25,-19.25,-0.00
05/29/2021,COIN,245.21,247.24,240.32,247.09,5083300.00,-10.55,264.72,256.09,287.02,224.54,266.81,317.27,177.58,349.20,349.20,349.20,349.20,322.75,322.75,322.75,322.75,0.00,0.00,0.00,0.00,-19.25,-19.25,-19.25,-19.25,-0.00
05/28/2021,COIN,247.50,249.39,239.37,241.52,6602800.00,5.57,264.72,256.09,288.39,224.54,266.81,317.27,177.58,349.20,349.20,349.20,349.20,322.75,322.75,322.75,322.75,0.00,0.00,0.00,0.00,-19.25,-19.25,-19.25,-19.25,-0.00
05/27/2021,COIN,230.00,243.99,228.00,242.41,11827800.00,-0.89,264.72,256.09,290.07,224.54,266.81,317.27,177.58,349.20,349.20,349.20,349.20,322.75,322.75,322.75,322.75,0.00,0.00,0.00,0.00,-19.25,-19.25,-19.25,-19.25,-0.00
05/26/2021,COIN,227.28,231.00,224.04,225.30,10185600.00,17.11,264.72,256.09,291.83,224.54,266.81,317.27,177.58,349.20,349.20,349.20,349.20,322.75,322.75,322.75,322.75,0.00,0.00,0.00,0.00,-19.25,-19.25,-19.25,-19.25,-0.00
05/25/2021,COIN,235.97,238.97,223.90,224.35,7554900.00,0.95,264.72,256.09,294.39,224.54,266.81,317.27,177.58,349.20,349.20,349.20,349.20,322.75,322.75,322.75,322.75,0.00,0.00,0.00,0.00,-19.25,-19.25,-19.25,-19.25,-0.00
05/24/2021,COIN,236.10,238.80,226.26,233.40,10386900.00,-9.05,264.72,256.09,297.19,224.54,266.81,317.27,177.58,349.20,349.20,349.20,349.20,322.75,322.75,322.75,322.75,0.00,0.00,0.00,0.00,-19.25,-19.25,-19.25,-19.25,-0.00
05/23/2021,COIN,236.10,238.80,226.26,233.40,10386900.00,-9.05,264.72,256.09,297.19,224.54,266.81,317.27,177.58,349.20,349.20,349.20,349.20,322.75,322.75,322.75,322.75,0.00,0.00,0.00,0.00,-19.25,-19.25,-19.25,-19.25,-0.00
05/22/2021,COIN,236.10,238.80,226.26,233.40,10386900.00,-9.05,264.72,256.09,297.19,224.54,266.81,317.27,177.58,349.20,349.20,349.20,349.20,322.75,322.75,322.75,322.75,0.00,0.00,0.00,0.00,-19.25,-19.25,-19.25,-19.25,-0.00
05/21/2021,COIN,212.93,229.00,208.00,224.80,16766000.00,8.60,264.72,256.09,299.85,224.54,266.81,317.27,177.58,349.20,349.20,349.20,349.20,322.75,322.75,322.75,322.75,0.00,0.00,0.00,0.00,-19.25,-19.25,-19.25,-19.25,-0.00
05/20/2021,COIN,238.83,252.17,238.50,239.00,7852100.00,-14.20,264.72,256.09,303.11,224.54,266.81,317.27,177.58,349.20,349.20,349.20,349.20,322.75,322.75,322.75,322.75,0.00,0.00,0.00,0.00,-19.25,-19.25,-19.25,-19.25,-0.00
05/19/2021,COIN,250.00,250.25,238.25,248.24,8828100.00,-9.24,264.72,256.09,306.03,224.54,266.81,317.27,177.58,349.20,349.20,349.20,349.20,322.75,322.75,322.75,322.75,0.00,0.00,0.00,0.00,-19.25,-19.25,-19.25,-19.25,-0.00
05/18/2021,COIN,280.37,280.64,256.35,258.37,11751800.00,-10.13,264.72,256.09,308.78,224.54,266.81,317.27,177.58,349.20,349.20,349.20,349.20,322.75,322.75,322.75,322.75,0.00,0.00,0.00,0.00,-19.25,-19.25,-19.25,-19.25,-0.00
05/17/2021,COIN,276.46,285.00,252.26,265.10,11226800.00,-6.73,264.72,256.09,311.30,224.54,266.81,317.27,177.58,349.20,349.20,349.20,349.20,322.75,322.75,322.75,322.75,0.00,0.00,0.00,0.00,-19.25,-19.25,-19.25,-19.25,-0.00
05/16/2021,COIN,276.46,285.00,252.26,265.10,11226800.00,-6.73,264.72,256.09,311.30,224.54,266.81,317.27,177.58,349.20,349.20,349.20,349.20,322.75,322.75,322.75,322.75,0.00,0.00,0.00,0.00,-19.25,-19.25,-19.25,-19.25,-0.00
05/15/2021,COIN,276.46,285.00,252.26,265.10,11226800.00,-6.73,264.72,256.09,311.30,224.54,266.81,317.27,177.58,349.20,349.20,349.20,349.20,322.75,322.75,322.75,322.75,0.00,0.00,0.00,0.00,-19.25,-19.25,-19.25,-19.25,-0.00
05/14/2021,COIN,299.54,306.98,280.79,283.61,7214200.00,-18.51,264.72,256.09,313.73,224.54,266.81,317.27,177.58,349.20,349.20,349.20,349.20,322.75,322.75,322.75,322.75,0.00,0.00,0.00,0.00,-19.25,-19.25,-19.25,-19.25,-0.00
05/13/2021,COIN,281.05,303.32,276.51,303.00,7456000.00,-19.39,264.72,256.09,315.41,224.54,266.81,317.27,177.58,349.20,349.20,349.20,349.20,322.75,322.75,322.75,322.75,0.00,0.00,0.00,0.00,-19.25,-19.25,-19.25,-19.25,-0.00
05/12/2021,COIN,266.40,297.50,259.37,293.45,10268600.00,9.55,264.72,256.09,316.14,224.54,266.81,317.27,177.58,349.20,349.20,349.20,349.20,322.75,322.75,322.75,322.75,0.00,0.00,0.00,0.00,-19.25,-19.25,-19.25,-19.25,-0.00
05/11/2021,COIN,261.15,267.07,258.38,263.70,4243700.00,29.75,264.72,256.09,317.55,224.54,266.81,317.27,177.58,349.20,349.20,349.20,349.20,322.75,322.75,322.75,322.75,0.00,0.00,0.00,0.00,-19.25,-19.25,-19.25,-19.25,-0.00
05/10/2021,COIN,271.15,272.14,250.51,256.76,8342000.00,6.94,264.72,256.09,321.14,224.54,266.81,317.27,177.58,349.20,349.20,349.20,349.20,322.75,322.75,322.75,322.75,0.00,0.00,0.00,0.00,-19.25,-19.25,-19.25,-19.25,-0.00
05/09/2021,COIN,271.15,272.14,250.51,256.76,8342000.00,6.94,264.72,256.09,321.14,224.54,266.81,317.27,177.58,349.20,349.20,349.20,349.20,322.75,322.75,322.75,322.75,0.00,0.00,0.00,0.00,-19.25,-19.25,-19.25,-19.25,-0.00
05/08/2021,COIN,271.15,272.14,250.51,256.76,8342000.00,6.94,264.72,256.09,321.14,224.54,266.81,317.27,177.58,349.20,349.20,349.20,349.20,322.75,322.75,322.75,322.75,0.00,0.00,0.00,0.00,-19.25,-19.25,-19.25,-19.25,-0.00
05/07/2021,COIN,284.95,289.15,269.00,273.00,5074600.00,-16.24,264.72,256.09,325.74,224.54,266.81,317.27,177.58,349.20,349.20,349.20,349.20,322.75,322.75,322.75,322.75,0.00,0.00,0.00,0.00,-19.25,-19.25,-19.25,-19.25,-0.00
05/06/2021,COIN,292.06,292.19,275.61,280.66,5707700.00,-7.66,264.72,256.09,329.80,224.54,266.81,317.27,177.58,349.20,349.20,349.20,349.20,322.75,322.75,322.75,322.75,0.00,0.00,0.00,0.00,-19.25,-19.25,-19.25,-19.25,-0.00
05/05/2021,COIN,304.00,305.03,293.94,294.21,3333800.00,-13.55,264.72,256.09,333.90,224.54,266.81,317.27,177.58,349.20,349.20,349.20,349.20,322.75,322.75,322.75,322.75,0.00,0.00,0.00,0.00,-19.25,-19.25,-19.25,-19.25,-0.00
05/04/2021,COIN,293.00,302.74,291.00,297.64,3997400.00,-3.43,264.72,256.09,337.50,224.54,266.81,317.27,177.58,349.20,349.20,349.20,349.20,322.75,322.75,322.75,322.75,0.00,0.00,0.00,0.00,-19.25,-19.25,-19.25,-19.25,-0.00
05/03/2021,COIN,298.45,300.00,292.10,294.77,2845800.00,2.87,264.72,256.09,341.49,224.54,266.81,317.27,177.58,349.20,349.20,349.20,349.20,322.75,322.75,322.75,322.75,0.00,0.00,0.00,0.00,-19.25,-19.25,-19.25,-19.25,-0.00
05/02/2021,COIN,298.45,300.00,292.10,294.77,2845800.00,2.87,264.72,256.09,341.49,224.54,266.81,317.27,177.58,349.20,349.20,349.20,349.20,322.75,322.75,322.75,322.75,0.00,0.00,0.00,0.00,-19.25,-19.25,-19.25,-19.25,-0.00
05/01/2021,COIN,298.45,300.00,292.10,294.77,2845800.00,2.87,264.72,256.09,341.49,224.54,266.81,317.27,177.58,349.20,349.20,349.20,349.20,322.75,322.75,322.75,322.75,0.00,0.00,0.00,0.00,-19.25,-19.25,-19.25,-19.25,-0.00
04/30/2021,COIN,301.01,302.90,298.05,298.05,2746100.00,-3.28,264.72,256.09,346.68,224.54,266.81,317.27,177.58,349.20,349.20,349.20,349.20,322.75,322.75,322.75,322.75,0.00,0.00,0.00,0.00,-19.25,-19.25,-19.25,-19.25,-0.00
04/29/2021,COIN,306.70,306.70,299.50,302.00,3902000.00,-3.95,264.72,256.09,352.76,224.54,266.81,317.27,177.58,349.20,349.20,349.20,349.20,322.75,322.75,322.75,322.75,0.00,0.00,0.00,0.00,-19.25,-19.25,-19.25,-19.25,-0.00
04/28/2021,COIN,304.29,306.10,296.90,304.54,6330200.00,-2.54,264.72,256.09,360.01,224.54,266.81,317.27,177.58,349.20,349.20,349.20,349.20,322.75,322.75,322.75,322.75,0.00,0.00,0.00,0.00,-19.25,-19.25,-19.25,-19.25,-0.00
04/27/2021,COIN,282.75,303.00,282.07,291.60,9853800.00,12.94,264.72,256.09,369.26,224.54,266.81,317.27,177.58,349.20,349.20,349.20,349.20,322.75,322.75,322.75,322.75,0.00,0.00,0.00,0.00,-19.25,-19.25,-19.25,-19.25,-0.00
04/26/2021,COIN,305.76,313.50,287.20,293.45,14991900.00,-1.85,264.72,256.09,384.79,224.54,266.81,317.27,177.58,349.20,349.20,349.20,349.20,322.75,322.75,322.75,322.75,0.00,0.00,0.00,0.00,-19.25,-19.25,-19.25,-19.25,-0.00
04/25/2021,COIN,305.76,313.50,287.20,293.45,14991900.00,-1.85,264.72,256.09,384.79,224.54,266.81,317.27,177.58,349.20,349.20,349.20,349.20,322.75,322.75,322.75,322.75,0.00,0.00,0.00,0.00,-19.25,-19.25,-19.25,-19.25,-0.00
04/24/2021,COIN,305.76,313.50,287.20,293.45,14991900.00,-1.85,264.72,256.09,384.79,224.54,266.81,317.27,177.58,349.20,349.20,349.20,349.20,322.75,322.75,322.75,322.75,0.00,0.00,0.00,0.00,-19.25,-19.25,-19.25,-19.25,-0.00
04/23/2021,COIN,312.52,327.47,302.10,311.92,10103900.00,-18.47,264.72,256.09,407.62,224.54,266.81,317.27,177.58,349.20,349.20,349.20,349.20,322.75,322.75,322.75,322.75,0.00,0.00,0.00,0.00,-19.25,-19.25,-19.25,-19.25,-0.00
04/22/2021,COIN,333.43,334.83,312.02,320.82,18082300.00,-8.90,264.72,256.09,439.52,224.54,266.81,317.27,177.58,349.20,349.20,349.20,349.20,322.75,322.75,322.75,322.75,0.00,0.00,0.00,0.00,-19.25,-19.25,-19.25,-19.25,-0.00
04/21/2021,COIN,337.26,341.01,326.79,333.00,11405600.00,-12.18,264.72,256.09,498.88,224.54,266.81,317.27,177.58,349.20,349.20,349.20,349.20,322.75,322.75,322.75,322.75,0.00,0.00,0.00,0.00,-19.25,-19.25,-19.25,-19.25,-0.00
04/20/2021,COIN,327.50,345.99,321.03,342.00,22654500.00,-9.00,264.72,256.09,664.75,224.54,266.81,317.27,177.58,349.20,349.20,349.20,349.20,322.75,322.75,322.75,322.75,0.00,0.00,0.00,0.00,-19.25,-19.25,-19.25,-19.25,-0.00
04/19/2021,COIN,348.90,349.20,317.27,322.75,39777900.00,19.25,264.72,256.09,664.75,224.54,266.81,317.27,177.58,349.20,349.20,349.20,349.20,322.75,322.75,322.75,322.75,0.00,0.00,0.00,0.00,-19.25,-19.25,-19.25,-19.25,-0.00
04/18/2021,COIN,348.90,349.20,317.27,322.75,39777900.00,19.25,264.72,256.09,664.75,224.54,266.81,317.27,177.58,349.20,349.20,349.20,349.20,322.75,322.75,322.75,322.75,0.00,0.00,0.00,0.00,-19.25,-19.25,-19.25,-19.25,-0.00
04/17/2021,COIN,348.90,349.20,317.27,322.75,39777900.00,19.25,264.72,256.09,664.75,224.54,266.81,317.27,177.58,349.20,349.20,349.20,349.20,322.75,322.75,322.75,322.75,0.00,0.00,0.00,0.00,-19.25,-19.25,-19.25,-19.25,-0.00
04/16/2021,COIN,381.00,429.54,310.00,328.28,81065700.00,-5.53,264.72,256.09,664.75,224.54,266.81,317.27,177.58,349.20,349.20,349.20,349.20,322.75,322.75,322.75,322.75,0.00,0.00,0.00,0.00,-19.25,-19.25,-19.25,-19.25,-0.00